state,year_label,total_air_emission_kg,total_water_emission_kg,total_land_emission_kg,lead_air_kg,lead_water_kg,lead_land_kg,mercury_air_kg,mercury_water_kg,mercury_land_kg,cadmium_air_kg,cadmium_water_kg,cadmium_land_kg,nickel_air_kg,nickel_water_kg,nickel_land_kg,chromium_air_kg,chromium_water_kg,chromium_land_kg,copper_air_kg,copper_water_kg,copper_land_kg,zinc_air_kg,zinc_water_kg,zinc_land_kg,tvoc_air_kg,tvoc_water_kg,tvoc_land_kg,pm10_air_kg,pm10_water_kg,pm10_land_kg,pm25_air_kg,pm25_water_kg,pm25_land_kg
ACT,1998-1999,185871.6943,832830.8,7.0,780.04,0.0,0.0,133.52,0.0,0.0,98.03,0.0,0.0,1.36,0.0,0.0,0.0,0.0,0.0,0.0,0.0,0.0,0.0,0.0,0.0,20035.13,0.0,0.0,7508.6,0.0,0.0,0.0,0.0,0.0
ACT,1999-2000,613924.241399,843047.8151661241,74.1,205.83522,14.600000773,0.0,245.51932,4.9000000073,0.0,122.77850000000001,3.200000172,0.0,62.929,208.00000212,0.0,25.803819999999998,19.004500736,21.6,5.353689999999999,277.001900663,12.8,0.0,507.0000084,0.0,196997.5,10.7,10.7,33652.8,0.0,0.0,0.0,0.0,0.0
ACT,2000-2001,467450.4188402,859731.3679,1205.7031,51.6479,14.63,0.019,87.4641,0.0,0.0,41.3280047,3.42,0.0034,14.1840311,194.82,0.1999,0.7606999999999999,20.0045,21.6,2.9167,724.1319,13.279,0.45,429.7,0.559,121032.73,166576.7,246.7,10553.0206,0.0,0.0,0.0,0.0,0.0
ACT,2001-2002,878533.357996101,732197.8693,18.63113,84.1025,14.7914,0.0238,3.0515,0.0,0.0,8.004,1.379,0.00233,2.6772,515.7090000000001,0.778,1.6994099999999999,8.0,0.0,0.01129,291.193,0.3758,28.73,237.707,0.8369,306315.839104,0.0,0.0,11127.1,0.0,0.0,0.0,0.0,0.0
ACT,2002-2003,1602508.8293973072,796249.850001292,1379.0377998092652,67.2527,5.676,0.01,12.907,0.1000000014901161,0.0,5.065,1.9030000029802323,0.003,6.92,221.54999980926513,0.389,5.595859999995957,4.599999904632568,0.0,0.01022000000171829,246.96799923706055,0.373,0.33,271.52000038146974,0.466,118873.58195574951,141.54999980926516,11.31299980926514,259067.9780024414,0.0,0.0,0.0,0.0,0.0
ACT,2003-2004,1598836.2109711126,1194050.5749977552,2345.411999809265,112.67496980914743,0.4070000059604645,0.009,1.4280600544574114,2.200000047683716,0.0,27.275999992683527,1.0,0.0,5.565700117361546,198.25,167.75,8.12971002859909,6.110000133514404,0.0,2.9435000953078276,202.55399923706054,0.315,1.3999999940395356,15.19999980926514,0.0,109955.83219970703,243.11199980926514,11.56999980926514,263706.8200006104,0.0,0.0,0.0,0.0,0.0
ACT,2004-2005,1828772.5613066729,1365083.2962169219,12466.880599809265,46.42128974856064,6.09,0.0104,5.814589994961247,0.2000000029802322,0.0,4.813739997294546,1.6000000029802321,0.002,5.656200161468982,158.89000038146972,0.259,6.969829884035794,13.40000057220459,0.0,2.696699906301498,140.45000038146972,0.23199999999999998,0.44759999403953554,387.2599992370605,0.67,114335.5489941597,10.69999980926514,10.69999980926514,313916.5309957886,0.0,0.0,0.0,0.0,0.0
ACT,2005-2006,1924929.3574108146,819132.4300001145,59.360001564025886,35.611700152684,0.6,0.0,2.465399944057316,0.3,0.0,5.70100024870038,0.2,0.0,11.091999880999326,28.0,0.0,8.369700091663749,6.2,0.0,3.4978000941425567,28.0,0.0,1.250000013113022,25.0,0.0,88120.08057617188,0.0,0.0,327361.702003479,0.0,0.0,0.0,0.0,0.0
ACT,2006-2007,1775291.6734682675,800357.3900002956,57.75000071525574,49.24549834057688,0.7,0.0,5.25690005836077,0.3,0.0,5.564000038430095,0.2,0.0,9.022999910637736,30.7,0.0,9.762500008568168,6.8,0.0,2.271900048479438,44.4,0.0,0.3100000023841858,23.9,0.0,71306.62287902832,0.0,0.0,312611.2920074463,0.0,0.0,0.0,0.0,0.0
ACT,2007-2008,442253.8902272703,774425.35,61.0,18.994191188600002,0.6,0.0,4.99460689629,0.3,0.0,2.2434953971000002,0.2,0.0,0.8018777743,34.6,0.0,0.64814750135,6.8,0.0,6.7463998028,22.0,0.0,4.2659933445,31.5,0.0,95122.19594089,0.0,0.0,11470.008818,0.0,0.0,3562.269568,0.0,0.0
ACT,2008-2009,366057.03928980074,877918.11,261.34000000000003,22.5963250276,0.3,0.0,3.15112454209,0.1,0.0,3.6922693391,0.1,0.0,0.9349203943,25.0,0.0,0.54024299435,2.8,0.0,13.0741078248,19.4,0.0,5.5391494645,14.0,0.0,76583.815043,0.0,0.0,15778.616919999999,0.0,0.0,5113.28392,0.0,0.0
ACT,2009-2010,355105.4329293089,628213.37,68.96,6.468603788495,0.2,0.0,3.6907313372955,0.1,0.0,1.9371896490450002,0.1,0.0,8.790605464985,14.0,0.0,6.6374305195825,2.4,0.0,6.85883569506,21.0,0.0,6.710704708275,31.0,0.0,45590.696770625465,0.0,0.0,7901.668954,0.0,0.0,5391.147244,0.0,0.0
ACT,2010-2011,594141.0681396296,724672.22,37.06,11.635123219574,0.3,0.0,6.215085983316101,0.1,0.0,4.042799360239,0.1,0.0,1.2293063421869999,10.6,0.0,2.5445722938714996,2.7,0.0,9.033172614251999,13.0,0.0,6.4191384585049995,29.0,0.0,25236.32170965488,0.0,0.0,23550.42990304,0.0,0.0,11731.03826444,0.0,0.0
ACT,2011-2012,1138532.7677659094,629267.24,242.09858961796448,32.093322555849,1.6,0.0152684552971698,7.411064787587294,0.2,0.000145413859973046,2.2805342617795,0.06,0.00339299006603774,7.5168265916175,34.0,0.0412005936590297,3.84164075010575,3.1,0.01454138599730458,9.961636903181999,18.7,0.0130872473975741,9.0335796198005,65.5,0.164802374636119,46377.325602100034,0.0,0.0,28174.43034711417,0.0,0.0,6209.26156797846,0.0,0.0
ACT,2012-2013,322907.3445380255,570118.5,248.6788342548813,53.483940653678005,1.3,0.016317256,3.9093054390367,0.1,0.000155402,6.816634073433,0.2,0.003626057,2.332883916389,16.0,0.044030691,3.2194008546605,2.6,0.015540244000000002,33.736378047444,7.9,0.01398622,8.922222103735,26.4,0.176122765,24322.56328131129,0.0,0.0,30502.91928406,0.0,0.0,7329.75845384,0.0,0.0
ACT,2013-2014,370537.55934085423,583317.76,245.7640380773628,45.224480630545,3.8,0.01560487,5.2267382086405005,0.2,0.000148618,4.560511261595,0.3,0.003467749,2.746840421135,12.6,0.042108379,4.2716252422575,3.1,0.014861781,24.80152364646,9.4,0.013375603,9.055711714525,106.0,0.168433517,19360.68021606285,0.0,0.0,38144.68726514063,0.0,0.0,9121.64033222656,0.0,0.0
ACT,2014-2015,575508.5568632637,860781.795,1028.823499975232,33.72550505872383,7.2,0.02201684,4.011831123672168,0.02,0.000209684,4.137391427425196,0.3,0.004892631,3.168003258022852,6.6,0.059410522,2.724399617188379,3.3,0.02096842,26.59680784117578,16.5,0.018871578,9.375159262282613,280.0,0.237642087,30591.53662365292,0.0,0.0,59931.700610861815,0.0,0.0,8918.20776787302,0.0,0.0
ACT,2015-2016,340096.27526674175,761678.335,949.014854809617,22.12330128830278,1.0,0.024671872,3.230657747628239,0.02,0.00023497,2.2319916006508356,0.1,0.005482638,2.1285284224281784,6.8,0.066574892,2.9423480562782762,3.4,0.02349702,5.871910230375289,13.5,0.021147319,8.682056154605913,60.8,0.266299568,18768.069874624816,0.0,0.0,38808.062919559015,0.0,0.0,6573.787476598754,0.0,0.0
ACT,2016-2017,454792.60728427663,841606.0,1007.5244490324039,12.732432970143554,4.0,0.028232674,2.3820067174194253,0.3,0.000268883,1.8975640989135736,0.2,0.006273927,2.0638812307006833,6.7,0.076183405,2.505480865423584,3.4,0.026888259999999997,2.794944815966797,6.7,0.024199434,8.577637538879397,23.5,0.30473362,34119.01142234729,0.0,0.0,84361.73136202028,0.0,0.0,7065.1103235713135,0.0,0.0
ACT,2017-2018,570834.5398367963,1034949.9,1275.5651335201449,22.89071581712839,307.4,0.031922304,3.6719578985495414,153.7,0.000304022,2.3976250741930962,0.0,0.007093845,26.23353706188841,12.3,0.08613955,34.48522748715696,0.3,0.030402194,27.06478638869705,9.2,0.027361975,36.96954840065794,18.4,0.344558198,62787.664141305926,0.0,0.0,99558.34033045376,0.0,0.0,7228.752337012785,0.0,0.0
ACT,2018-2019,638018.5982352203,784379.3,447.56716492029,3.970812934202059,0.9,0.031163352,1.5761899204753715,0.2,0.000296794,0.7917015705061329,0.0,0.006925189,66.26501653186942,12.1,0.084091586,87.38144114196268,0.3,0.029679383000000004,40.78027254164213,9.1,0.026711445,77.30270382260574,18.1,0.336366344,41511.353359442335,0.0,0.0,158248.04690566423,0.0,0.0,6590.070042831093,0.0,0.0
ACT,2019-2020,584901.2872008971,867515.72,584.314774310174,10.086870760096875,288.6,0.041574862,5.388433418941406,1.4,0.000395951,1.4622099412109375,0.0,0.009238858,2.424651946679688,11.5,0.112186135,3.0386406604492198,0.28,0.039595106000000005,6.41046818984375,8.7,0.035635596,9.520816407226565,17.3,0.448744539,37830.422724350894,0.0,0.0,162770.25486463966,0.0,0.0,5571.670255659781,0.0,0.0
ACT,2020-2021,1179043.4875542948,1027569.4035626145,639.5154484571591,5.815891979625,372.2,0.8457063,4.728297306,2.0,0.000635298,1.7076414,1.1914,0.010256999999999999,63.5175536,212.9,0.13153399999999998,86.9980384,36.3657,0.0475298,42.668588,357.2347,0.0565768,97.732744,204.8,0.493338,27654.58544892981,0.0,0.0,243489.167352,0.0,0.0,6012.376545,0.0,0.0
ACT,2021-2022,1070146.5422493233,1088974.33295,687.907893558232,9.9426948477375,6.427899999999999,0.050304999999999996,5.41091633,2.21005,0.00067881,1.0674512,1.4904,0.011218899999999999,0.7056336,233.5422,0.14283600000000002,3.6862812000000003,0.4014,0.047481,1.5211557000000002,381.2398,0.059292899999999996,39.435694,224.8041,0.538118,24022.46599131427,0.0,0.0,77355.4557,0.0,0.0,4387.035,0.0,0.0
ACT,2022-2023,1185865.1501358023,1048964.29819,710.163676939851,22.199675850000002,6.18079,0.0539175,3.91205218,2.1822,0.0006115960000000001,2.8170123,1.2261000000000002,0.0119972,16.2527308,239.2663,0.148952,8.7850583,8.947600000000001,0.0511596,3.5580437,506.74879999999996,0.060043599999999996,96.886855,237.6556,0.579808,29341.388545,0.0,0.0,167807.682645,0.0,0.0,10460.016725,0.0,0.0
ACT,2023-2024,1305285.3922634083,1091754.4389,763.433918843605,35.711825,6.7,0.0578066,5.942768,1.93,0.000648634,3.6654603,2.0099,0.0128515,20.7676972,220.716,0.159446,8.5354042,36.7196,0.0568634,21.213904,391.9028,0.0593771,154.436652,201.5,0.621786,25383.883819000002,0.0,0.0,242085.214727,0.0,0.0,16271.628007000001,0.0,0.0
ACT,2024-2025,1444272.4327829147,970259.9380000001,796.720342296966,19.97010418,3.75,0.061518300000000005,2.42410871,1.65,0.000634936,2.7356286,0.87,0.0136785,24.1821907,77.6,0.168132,9.2601462,24.2,0.0591936,12.1206186,128.758,0.0565443,143.734763,0.0,0.662928,25283.759911999998,0.0,0.0,233308.392062,0.0,0.0,17378.982062000003,0.0,0.0
NSW,1998-1999,339152231.07496834,21978131.0335,7432.9174410000005,1626.623998,1.4335,133.1546,274.10456,0.0,4.1e-05,70.73443999999999,0.2,0.0073,20.336,0.0,42.0,734.855531,4.5,176.04,2.0,0.0,0.0,13.89,0.0,0.0,629502.0,0.0,0.0,3281951.66,0.0,0.0,0.0,0.0,0.0
NSW,1999-2000,775811361.4782437,22407211.6422825,22455.664373692,33906.471275,1864.9419825,1607.872118,1057.248501,4.34,1.57,1012.240981,626.35,19.995435691999997,1811.9789750000002,40.14,26.64,3092.414474,40.6083,131.17020000000002,1087.8925749999999,19.6834,33.5,5316.795,607.73,2.52,3256493.33,203.29999999999998,729.6,32158446.0,0.0,0.0,0.0,0.0,0.0
NSW,2000-2001,905320256.2322516,32145315.00145,144405.51115,44466.754447,3712.7117,351.758,1415.0615088,37.5163,1.31,865.1028,910.7280000000001,21.0,3258.199779,2406.897,21.116,6041.271637,2643.3453000000004,110.01,11318.207626,21624.0984,29.976000000000003,23294.18192,62170.7839,5.1,3588153.549,0.0,0.0,47357211.61189,0.0,0.0,0.0,0.0,0.0
NSW,2001-2002,1199713310.0789292,34044682.80436665,190039.247312,39591.995993,8935.45,390.138,1154.4199447,7.76510025,1.09,1258.091412,550.7111,19.43,8176.180698,18796.222,12.768,10849.304302999999,10521.7810195,35440.640012,177210.317635,26483.191012400002,186.65,77428.14846,66122.964,198.47,12328507.6797,0.0,0.0,53930313.741,0.0,0.0,0.0,0.0,0.0
NSW,2002-2003,1277377813.9535403,34671926.97861185,317606.5432324,38191.9842548,3627.411015,6723.079,1605.8574269,12.240671760000001,39.232479999999995,1323.6733125,851.6100328,243.32457,9931.4502436,43.7761195,2716.685,11805.110725300001,4418.56900004,6648.348,141563.62863370002,30524.47552325,7983.817002399999,65304.34062,76534.564315,12187.329,13183839.973,0.0,0.0,59713764.35,0.0,0.0,0.0,0.0,0.0
NSW,2003-2004,1235498117.5418024,35404631.8435224,2589776.8992,21896.95367735,3489.4394355,50.838,1737.10680235,3.3956218,0.2595,777.0892718,522.8015129,5.055700000000001,8879.3505682,221.9167195,7.248,10804.85159525,3042.6525965,20399.277000000002,345320.5675619,24303.0922139,425.29999999999995,66099.145972,57023.833615,97.251,12553994.8958,160437.3,1481.443,65455991.584,0.0,0.0,0.0,0.0,0.0
NSW,2004-2005,1241853772.677239,33085677.274925,2221900.417123569,18222.18847699,277.3526475,69.305,1848.02431142,0.47465,0.1326,565.7131358,3.1870963000000003,0.6718,7527.61911494,277.6678875,11.853700104,9985.7093727,11019.21791,20445.982500290003,158842.68772694,26646.557976,316.19370055400003,56561.136794699996,53961.376675,138.926200959,13592343.8447,166630.30000000002,579.931,71085262.94017,0.0,0.0,0.0,0.0,0.0
NSW,2005-2006,1236887010.844883,35807791.481325,245153.3619,13973.68554888,357.190357,91.60849999999999,1666.374929602,90.76091799999999,0.174,517.2075942,3.9307730000000003,3.8220000000000005,7665.16687285,368.213549,10.429829999999999,9339.208389385,2228.44791,7654.0769,47609.57452473,26323.99418,202.011,56211.3039363,42728.131327,110.50043,12694556.83,165725.5,874.23,78850216.91178,0.0,0.0,0.0,0.0,0.0
NSW,2006-2007,1251623471.5958555,35501176.971878,384366.7492,15361.4788947,637.2575,31.9721,1362.0465938,61.679190000000006,0.2424,676.3534452,6.31014,6.2143,7649.1403078,494.7594,7.809200000000001,10117.471237599999,1938.4118,8706.8974,50589.958605894,29222.9248,94.75880000000001,75173.6642902,50256.614400000006,52.646699999999996,12313304.75141,175827.7,462.5,82755175.9524,0.0,0.0,0.0,0.0,0.0
NSW,2007-2008,1278062848.0356627,40693618.457566,305964.16535749997,12420.035697480636,784.47557,318.11014,1271.960637682551,103.746697,18.468719,706.267915544446,8.19727,2.3171995,7919.430246846918,381.72191,640.04904,11029.371684919051,491.93656999999996,14171.708455,41953.78914189533,25435.9134,17062.46072,94087.46463010457,44601.5532,44.059208999999996,11638640.121378684,0.0,0.0,94158675.04026356,0.0,0.0,5021369.37781666,0.0,0.0
NSW,2008-2009,1028485505.9257222,38015673.29702659,318902.7647657861,11330.821656471639,315.87814653,79.24680239599999,628.672666808911,94.188006229,5.212420860000001,385.226106439247,9.5572300518,2.8059895289,7785.783226664927,83905.7100736,99.434445596,11024.024060703947,256.05630225,25961.36445996,38911.1808304823,23944.61298884,6588.857236336,41766.1535893312,400497.1743327,182.973236336,11936965.45522708,0.0,0.0,85605588.24300748,0.0,0.0,6662165.425338776,0.0,0.0
NSW,2009-2010,891570897.9600347,39527750.28199863,224237.150856686,10172.036723582321,33.0722082465,142.246748834,647.6479913534124,25.398830828999998,0.5192952421,1074.573204993232,3.0205300518000002,3.8477557085,7191.0193216944,44085.2206194936,62.766524034,9170.26013491696,182.05311625000002,32354.5804181402,40232.1794940033,25012.86202284,5668.289147728299,44574.629612384204,303220.3145617,1983.9356133283002,12605899.605593147,0.0,0.0,85864799.9760153,0.0,0.0,5333926.06479328,0.0,0.0
NSW,2010-2011,851667135.1003118,38252337.49984787,669561.5516128929,25362.844906950093,145.949007188,207.2248375031424,744.8033204736721,35.7374623276,2.69303781665088,793.522808018659,34.7843225386,8.5621757939872,7701.960922134247,1624.480702885,184.924025285416,10500.300454567123,747.076931245,38033.76141365109,88681.21903471781,24904.915533581,5418.385009452379,82251.937323124,482313.09548235,118.57955767846398,11163515.411903538,0.0,0.0,107674947.9594433,0.0,0.0,5401738.9250130225,0.0,0.0
NSW,2011-2012,825940708.2753527,40632884.45251254,1005281.6828915891,43388.83274263799,210.77363063925,207.03575532476634,564.3511825472096,24.7487415845875,2.6797295523931024,704.6737425449877,4.174794965,9.466854477059186,9402.719419467448,61722.815354305996,189.0041218837187,12655.671929248096,338.174860674,28742.13702085725,75858.22395293675,28419.242080415,5720.729221934228,140684.23408327164,418307.97431752895,97.35573106951625,10121258.57213845,0.0,0.0,134208489.42049444,0.0,0.0,5708933.468738414,0.0,0.0
NSW,2012-2013,786603233.3431771,36261301.95898162,971964.8743971663,39540.57006701831,474.636690732,213.3567071917763,493.2825608110047,23.55579715516,3.3068396103573936,772.7382779791938,10.692252081,5.4638178535058435,9601.300348091112,1078.552666402,140.85790533042808,13686.940981078105,1701.2081648859998,23398.98659559474,65846.19230921847,24069.753359764,3349.5112328076652,131599.3742162081,35708.608365428,34.42439452271236,9273878.470356762,0.0,0.0,140693211.21768433,0.0,0.0,5417593.410716791,0.0,0.0
NSW,2013-2014,800920507.3903183,37941893.05715433,964598.2620622464,43101.52732734405,111.787333992,130.6653699909906,660.2313194679306,40.930831787289996,1.1173765900951484,975.3544634407152,4.0289205984,6.705600108886797,10237.691434906834,587.160401867,100.50189387862537,15724.661674515568,328.99525633200005,15359.757755038516,49733.51823348271,28803.624775358,3572.0094194425633,148132.6957662625,35450.268752022,109.2318166695015,11345829.860411854,0.0,0.0,140371354.40773943,0.0,0.0,5089384.938706516,0.0,0.0
NSW,2014-2015,769659511.331145,40446650.66305097,1119704.1381829013,39390.34044714076,193.392529007,73139.66812549609,674.6415846424748,28.7983573418,25.501361223257952,735.1309316440575,5.1285328970999995,4.191281338018868,8350.025904809694,1282.4358103490001,139.47667588608624,14302.194524895207,132.37972484300002,30834.983250006797,52418.919015787724,37565.630974363,17425.659610168215,131255.50554516626,41061.846391398,144266.67874844235,9709075.443428399,0.0,0.0,135062943.76914257,0.0,0.0,4805941.4322997,0.0,0.0
NSW,2015-2016,713808380.3948607,38430286.64793516,1254308.2330576337,38690.224434103795,105.135487754,57591.1391611779,651.2288276764327,32.440493302296,8.650065153589578,612.3223989102976,3.2297079099,3.334528711756813,8061.387358682027,953.684237179,143.41871062304702,11525.130768748719,163.502812847,31098.12167890696,49968.00488632392,30872.974048886997,17889.874403604063,115403.97720144226,36469.799426775,94277.25771408918,8424985.08651714,0.0,0.0,116728784.2394104,0.0,0.0,3548184.475661011,0.0,0.0
NSW,2016-2017,712820445.9796525,40917570.18994865,1699614.455220142,37376.29514186095,59.269607015,67965.01584861055,485.53601706974035,18.50871773084,6.684618136767115,640.0150164946358,2.57633059,3.184010744166038,7160.164507864921,1031.864082216,196.64607194801619,10846.257382586678,109.375911759,19931.66806550071,48098.38805474827,35603.807453044,14478.36219380104,102618.147961779,41341.454507098,116179.03821969107,8358851.691064303,0.0,0.0,115264822.19979154,0.0,0.0,3820513.122693499,0.0,0.0
NSW,2017-2018,701849047.325628,39458412.94638535,1371147.116121429,43106.395857851654,19.750990083,74882.78707377306,415.61820663348715,17.154859015524,6.2219078968862265,942.911963716343,3.344486292,3.8655641433452828,7608.507967999132,683.86888014,116.73019961776414,11834.379701158125,93.05785377100001,19426.934394488624,70833.96037018254,32616.0513177288,3859.7446965197605,140962.31050312388,37606.3119724894,129518.80207747105,8077660.859382422,0.0,0.0,119361600.43444651,0.0,0.0,3847551.6039136043,0.0,0.0
NSW,2018-2019,744874047.5760859,42301792.93445573,851821.7648940177,48279.96882088053,33.615172781,68559.4998758,613.5949948881776,37.583400632840004,6.16565851,773.0604984699468,1.081650887,4.15902351,8754.54771857807,744.037888454,116.0628079,13081.58627677122,83.15786540500001,38710.8586301,81538.6193327939,36626.848949592,3815.259825,137695.61719586005,35425.554806355,121766.74294235848,7940807.954964478,0.0,0.0,126870271.13843715,0.0,0.0,4042120.6027490813,0.0,0.0
NSW,2019-2020,698867532.5645477,42831629.920943715,722809.9233281645,40459.85067563155,123.918318728,82094.18854260436,475.79117844256996,9.494758416637499,25.419265428244074,890.290147033434,5.9671847806,80.65225618119136,7839.49321671501,1201.750500134,1808.6937454642048,14440.559048165107,127.254192219,20404.804443739136,89699.64991702796,35625.346286954,2711.3053406915515,129655.81524771062,47820.28249303,139107.7882822091,8704402.877262766,0.0,0.0,129218831.93267053,0.0,0.0,4003611.8351432746,0.0,0.0
NSW,2020-2021,681711550.1885842,45683686.671493135,702567.2019531796,39897.78027214701,1031.17841459,74989.25988111453,494.66593602753596,22.749188399999998,13.112764468185983,738.7889064823628,7.0525414589999995,0.5072504253396226,8821.157311695993,1259.74702159,128.51422944269544,17678.846940986547,149.95327458999998,48870.825930228595,97627.19590439845,34903.03633884,20750.91882114674,118905.98997734215,38625.126351,153594.16610816077,7470295.168174881,0.0,0.0,123795260.5176417,0.0,0.0,3955589.1595984385,0.0,0.0
NSW,2021-2022,672393269.2287047,46160781.55015526,514405.7037370002,32288.53139014289,206.979484741,80452.529065354,536.0904485403,10.63827652,12.5119363236,717.763385691,29.234923302,2.4927233148,9352.320700029999,1275.723893513,20.084957858,15350.6888461574,473.431166798,28025.489419593,93729.905051078,33751.050439097,57.38373643,105697.51114766,46953.771311037,150856.468672058,6811026.2443691995,0.0,0.0,119888265.56930903,0.0,0.0,3815998.83719589,0.0,0.0
NSW,2022-2023,664075571.2189045,40611696.37193801,370922.7711582825,25173.045134945172,227.504976,38316.773969426,574.03328953921,16.838771285,0.737538849,575.89748190784,20.04393635,4.9407803230419995,9140.5997195588,1761.15446,15.478858130419999,13660.714811702579,1197.8039979999999,16601.091993514998,87971.56445115367,29855.453318379998,198.30816516999997,96398.62599425,43311.500662,90106.8632268642,6539330.7699526595,0.0,0.0,120484229.75900209,0.0,0.0,3652231.295963485,0.0,0.0
NSW,2023-2024,652108466.4465578,42939057.22828706,434813.0591290326,30164.428528167857,415.59655124,35039.1913350365,532.078928062388,17.729807895,0.305678676775,697.7648788507186,2.69807725,1.89718200955,9749.155238457286,1222.574811,18.22752879775,14037.495171688068,366.445859,14424.840852981499,96826.85619922036,34513.7527532,190.69765105475,107106.32403087048,44309.173596,81161.745338387,6816759.178726967,0.0,0.0,123763287.53733507,0.0,0.0,3672392.6907220767,0.0,0.0
NSW,2024-2025,658964498.392253,45213157.22110055,589517.635112301,24233.81429941335,159.363416,168931.436205555,510.93114004212117,19.70818315,0.401011517,547.0508296230842,135.9845273,6.988642986,11482.30378103168,1310.298602,15.162017176,13399.521273259816,705.038156,12461.14611675,78448.4724112177,27162.927491,11339.1522452,93781.851731664,34265.940282999996,217762.7255326,6573491.32970417,0.0,0.0,127407636.59738061,0.0,0.0,3781353.594373958,0.0,0.0
NT,1998-1999,51505215.64049454,565002.7815,1230.06,4098.979129456395,1.61,0.0,25.4236877368898,0.0005,0.0,48.745258557084,0.001,0.0,6737.400358774819,1.55,0.0,2677.325679928556,0.62,1.0,955.1672968224899,11.17,0.0,3246.88967599426,9.0,0.0,526618.039476575,0.0,0.0,9487748.03047431,0.0,0.0,0.0,0.0,0.0
NT,1999-2000,73217619.01900832,432610.476,143749.9223410248,7655.22860170943,11.1,716.10004695,42.97806100841823,0.4,1.7624628161000002,131.6562645869456,13.0,6.866765792800001,5757.506390450302,101.0,1992.2367711000002,1596.6238602083083,19.0,810.36820309,475.2774643584878,59.493,599.36284113,904.2374529162399,21.724,99.992,11460295.21982174,22150.4,75.10000000000001,7900179.629996603,0.0,0.0,0.0,0.0,0.0
NT,2000-2001,50458519.963172585,737502.894,123226.162517827,11143.646502839,19346.0,854.9151589999999,33.663849635,1.0,1.9971543,139.54271076,978.23,4.209535,122.245943103,98.0,2399.78328,983.697654329,19.0,972.4458649999999,270.786756291,2467.9429999999998,723.7802780000001,9008.850928119999,82197.224,96.15906,1564084.30441,21206.397,78.943,1811670.77654,0.0,0.0,0.0,0.0,0.0
NT,2001-2002,77410932.49241261,653869.2763444349,69578.29707848832,14231.85423403,25.514443144,11.907494147,29.359152838,2.4623294369999997,0.068651117,141.484714973,28.185263538999997,0.912006539,11555.0472637,185.973257265,33.253507264999996,9144.329622818,98.606843741,4.50249974,5355.3290652,158.165596096,77.93852696,28615.6913333,38.281259092,97.233635109,9013899.9852062,30331.4,1009.1211000000001,19770515.54547,0.0,0.0,0.0,0.0,0.0
NT,2002-2003,61959694.73694314,545956.1241683901,75719.90596382246,14553.433721696143,26.56003514677286,10.195849056682922,29.860933632652248,0.6808120721912928,0.038560692698863565,136.97870096713186,28.170101251787855,0.7138544459120021,5962.0396584515565,151.57500030472875,23.317280796233938,1765.3508950497019,126.53999961353838,4.831987316510081,1839.6746093076224,159.64817568659782,58.24332885205522,32327.148661901338,30.752532541751865,149.3294797941684,7125184.737476432,48837.4,22015.318207031138,4928639.766198389,0.0,0.0,0.0,0.0,0.0
NT,2003-2004,60830864.72004378,757345.6157578072,100229.50751433415,3014.6049425770057,66.61,51.93152377562542,27.25650955929641,1.0230819986588955,0.9264045744556815,71.29046045485616,37.33599999865889,3.4143795779696906,5853.220927289484,147.3028995803833,25.095723616087255,1332.745718281231,152.19429961853027,64.49292095331873,1082.8554833411908,160.88599633789062,118.33906580162682,7575.302109694824,102.72999965667725,522.6777694477729,3044928.255360986,57346.406749618705,39.7091591651115,5106136.377092158,0.0,0.0,0.0,0.0,0.0
NT,2004-2005,59498483.51033727,945050.565700565,50916.769183667195,19129.06174079328,49.019999980926514,146.6967146432082,191.85441144725604,0.763799999654293,3.3902576975189502,155.31575027345917,29.06469999998808,4.485312284018757,5275.431453696596,133.0,27.97874620877402,688.2210715706337,124.0,254.2119004428286,2415.585320003979,151.19500160217285,315.24303064078657,49363.44973596779,29.30000019073486,1641.7483251814986,3088990.0782967764,152657.39999961853,122.18237105924345,2956589.2861278155,0.0,0.0,0.0,0.0,0.0
NT,2005-2006,56257363.90878587,830036.7688963452,24143.25432700431,59935.54429756146,28.612000107765198,11.021037806588568,169.91200846556418,0.9959999968111515,500.04274478213114,383.5855963977381,29.08329999819398,1.604474442741029,5041.961039494983,156.23399996757507,25.776373676035778,735.5528038009588,68.50399971008301,248.61894197953305,4584.23065830849,117.10400009155273,31.240503469418172,143218.221876391,13.109999895095827,88.28918959936603,2212245.750842316,110911.48399954528,114.24300050735475,3230024.820576645,0.0,0.0,0.0,0.0,0.0
NT,2006-2007,62669184.18319199,1003362.4210763666,17326.8218341697,71555.73921073505,35.2484813550663,32.23961714436637,517.4205034961468,2.3205211078096184,0.4439545871161845,751.7878253081182,38.32893425491266,2.0131886370606313,5246.0574034069905,177.25030595727443,59.4818842147196,768.2571247889656,84.80399238054275,50.362592566949814,5257.894713585578,156.66423824373246,76.08865020615029,170246.03937481853,19.860000133514404,148.1934166531987,3938361.426712192,84290.39999961853,65.51999961785972,4776139.0728582125,0.0,0.0,0.0,0.0,0.0
NT,2007-2008,75617437.66842994,727608.3686818,67904.57311747826,95686.74555165198,60.720839999999995,186.664207279,142.30084342279997,1.582011,0.602294438,602.4727459220001,36.564440000000005,4.706764435,6180.412250426,262.6120198,1294.136397122,901.733905857,224.36011000000002,56.38985283699999,13330.990441296,215.51402000000002,746.600365653,211672.17369799,166.484341,3112.110061887,2303472.275373234,0.0,0.0,8498235.4476047,0.0,0.0,3825028.3029947,0.0,0.0
NT,2008-2009,78626148.08855626,705653.0287497,53699.018057003996,8108.424222701199,36.0678742,9.349947008000001,541.2570655208799,1.312112,0.32294206000000003,602.4567835732,32.246152,1.374811706,7091.1199153856,266.47989,62.336465,938.5931260492,311.58936,52.787053199999995,9500.9650561576,276.2578095,60.059367800000004,233097.437855244,171.422675,89.74276599999999,1826502.296444474,0.0,0.0,9435754.39911256,0.0,0.0,2877467.90044456,0.0,0.0
NT,2009-2010,81322613.18577123,769072.43969314,27546.94546051687,10724.822654519,62.018907,7.58222118702252,281.21167406219575,0.86440652,0.7471631812954526,587.81976842,26.12420652,0.8984692625605599,7491.287199245,279.78138,116.86070896737823,1125.637043748,133.581937,109.88530586554525,7217.167954007001,254.849208,119.19871271859073,272682.152814676,184.74478299999998,60.01195386851291,2062011.9683640546,0.0,0.0,8623853.79304619,0.0,0.0,749183.33335319,0.0,0.0
NT,2010-2011,79661318.74825495,1201197.57425731,11601.373292146405,5174.17210258429,400.91420636,7.257816367999999,297.5267467341279,1.1313924,0.6038006760000001,242.419556356,10.1396141,0.961321038,7501.250440389999,1148.635999,17.555063440999998,1244.381402169,364.211017,6.325763486,4120.40808594519,484.9282478,8.477211342999999,86112.305004921,1034.990734,63.920305666,1739468.3423381026,0.0,0.0,8335556.97181416,0.0,0.0,968438.68444826,0.0,0.0
NT,2011-2012,78957706.48004964,1071501.91827453,9678.098254449773,22709.594245841003,341.5436929,19.003676969471698,289.8031274606022,0.87086073,1.2759141129711589,315.50174619,5.1344495,2.0794419462603773,14766.711832862999,581.0229081,31.289579193161725,7603.9748323929,378.216143,12.126304420115904,7876.94477408,299.7161628,60.77362495040432,126674.13383155,1046.563169,122.6350993606469,1630555.2391441735,0.0,0.0,9426608.801952211,0.0,0.0,939125.6294503517,0.0,0.0
NT,2012-2013,73522587.63688417,1202183.554870349,5676.996840251166,11394.767996019726,141.7999222,15.187626229480276,349.0434304997927,1.32489935,0.8505226274807646,471.525365616,4.9856537,1.7190454985511723,10229.799172595,576.0371991000001,20.156798253549947,4400.2447003222005,285.337551099,9.389953561076451,7513.1907843341,372.96358299999997,33.63469578026881,161795.41001059985,1209.323962,80.88437895819979,1630408.484733919,0.0,0.0,10545982.434299627,0.0,0.0,763567.5353448263,0.0,0.0
NT,2013-2014,71585006.00788623,1295410.4178050528,12786.732501292227,12447.785534483779,108.862948037,11.610131992857143,202.4887584529841,1.10480553,0.41992483726530616,520.06857545,8.09268732,1.2724521955904762,9104.137669618,1197.117155,16.824685485170065,7210.194115960001,254.03602334299995,7.722290506530612,8370.5124958,1290.661892,34.994489359877555,159081.89598057,2382.3929227,95.67517900068027,2792997.67009684,0.0,0.0,11016834.689817801,0.0,0.0,768189.5400727876,0.0,0.0
NT,2014-2015,47555812.400520004,1017018.776760726,7138.292957331865,59071.51347941034,94.400169316,10.097111764754716,17.13769631156697,0.539913,0.4039027934167116,394.2806679723,2.801761634,0.9547807250566037,4491.0004637413,1371.9627796,11.205538001401617,7042.238170550275,108.4415475,4.601008331671159,7310.30545127406,184.966555,35.04000060750405,154131.50624802228,3256.4454382,58.31606941492491,3734790.740100821,0.0,0.0,9192213.442065164,0.0,0.0,750215.4105860521,0.0,0.0
NT,2015-2016,47839890.54916274,1457044.481768761,10752.780842480572,22110.15137930943,81.34564359299999,11.472616571793745,5.714503451497676,0.474173848,0.4309978412551785,133.64213357646972,1.053728329,1.2422164066208323,1716.0038059913331,342.0843898,11.29722696896725,3564.007749162489,145.92544112,5.186095986517851,2443.5133656352536,96.61228665,41.790819272966075,43664.63670628982,315.201498,54.04995235586899,3519002.957350367,0.0,0.0,11723418.686839325,0.0,0.0,662583.2903413838,0.0,0.0
NT,2016-2017,47109383.9918085,1481285.544077463,5683.028136763637,17562.966291211396,148.4944304049047,22.16811416153163,8.648366336340223,1.3689339138856,1.4531297183003014,89.95804540200001,10.322253375923701,2.1710412136736954,1309.172441116,446.0695450449047,30.173082751752023,3434.9630801793,243.62927914143333,14.715307630030123,2728.2166325,106.9512957449047,48.49057566702711,28807.7656867,980.8451688,106.91259280700808,3152759.7289839955,0.0,0.0,11877438.916961195,0.0,0.0,685768.8078291966,0.0,0.0
NT,2017-2018,48236625.42509127,1061531.9081685273,8102.791951494263,18410.3549690618,118.766514618,42.983706160946504,24.037038131779617,1.872090639,1.4045082906756812,93.47920037000002,8.213881555,4.251226003099223,1334.690383874,279.6964223184,29.23862299477628,3523.362999925,366.579421573,14.408237927568099,1872.80528632,103.221591718,154.6121950108113,28970.64644228,2522.840223,160.84360429910512,2494390.8467136403,0.0,0.0,13885961.182922421,0.0,0.0,695763.9776483832,0.0,0.0
NT,2018-2019,61009319.42601411,938948.3021116134,30263.552853964524,19070.121103734476,65.448554647375,45.76179820566037,11.125128064583414,0.8159099251499999,1.2488659390396224,99.873690691,5.1541191378999995,6.207309847924528,1947.029211985,177.94347464737498,30.791771696226416,4382.367405776,135.9638035805375,14.805243213962267,2293.586333,56.502217047399995,155.07475129056604,32603.46288739,1836.155088,1586.3465845849057,5932861.6024595,0.0,0.0,14855959.608021498,0.0,0.0,836892.3340857935,0.0,0.0
NT,2019-2020,82370866.32585977,1105100.0788185662,19536.70945358051,22912.028228868,43.8279373022,18.347508629550862,12.712869167772755,3.50746751364,1.7211240358528654,124.89622996899999,6.32238742576,1.860842464566858,2219.413369524,408.8593289322,36.42933350831185,6400.757779749,430.55917712254,17.740936285286537,2802.68639642,90.4577582322,21.78166470675788,36384.22337677,301.60986180000003,107.4153306332474,6190495.260496701,0.0,0.0,31400941.430855375,0.0,0.0,723324.3325956019,0.0,0.0
NT,2020-2021,84776819.16823085,1356795.496417686,45294.961349669386,21568.057983086,63.543437702309994,24.83487110306352,10.077251368676523,1.128523512772,2.376539966695843,123.052524835,2.836747421848,2.5312438132363377,2068.3227939880003,380.05813500231,61.681718667155536,6229.758001336,246.538343321617,24.247368049584306,2754.747383444,59.21697970231,34.16146520262588,33987.657443114,454.876976,131.13949878862212,7826408.716644458,0.0,0.0,32752956.39172598,0.0,0.0,703073.487212888,0.0,0.0
NT,2021-2022,96332746.5269294,1165897.0803089628,43550.81926883247,25249.846320985303,55.725523958885,33.41899277,14.2285602054,1.470190475662,3.3399975690000003,153.1219286511,2.582419617108,3.832500167,3016.0124280187,252.32505965888498,160.30263438,10265.5398228084,510.9976801212195,32.045104189999996,3295.8026109,60.510732858885,56.91999955,37409.85389082,323.64017,226.6463405,14285318.643882168,0.0,0.0,29010338.44566982,0.0,0.0,822819.7462484175,0.0,0.0
NT,2022-2023,83245561.08316393,970646.612556146,50401.976346338124,27939.2544517639,613.04932295,34.64416288,14.6260201091,30.211291075000002,3.2974246629,160.21261023649998,30.129727045000003,3.5821730400000003,2853.5672035121,344.38141889999997,68.87170760000001,10558.4913635878,14963.880381500001,34.00061289999999,3189.9801934,320.113016,37.58659257,41676.454822789,1544.3643752,236.264777,6099495.272906908,0.0,0.0,29306746.158757914,0.0,0.0,823391.7491479131,0.0,0.0
NT,2023-2024,71027762.70356588,1441995.9948926705,110780.68636992158,27178.4605245868,953.4942617234618,62.15107708,15.5490904125,43.331219598323194,6.0457372245,154.5605124263,51.1751634537695,6.412445563,2677.7405728983,575.8489478734618,123.69938529,10114.614979780701,21391.364147411423,61.318069300000005,3114.8621082000004,467.7848071734618,66.6197393,40191.049520927,18220.4252,365.90523,6099765.6719212,0.0,0.0,28410582.76486819,0.0,0.0,758314.5465796873,0.0,0.0
NT,2024-2025,81198837.85662223,1329161.700719316,68696.23049698197,27465.0150894928,67.20532148000001,37.14594775,17.1522501104,0.5832818830000001,3.5423535745,164.8952273473,1.916174303,3.8520914050000004,2799.1483070115,22.938589,74.06786584999999,11869.609570305198,17.8219938,36.75719515,3299.2625244,19.5503853,36.737046245,41819.512991134,303.3103,193.260137,6835126.790785406,0.0,0.0,38711784.67988965,0.0,0.0,568664.2025096545,0.0,0.0
QLD,1998-1999,310136021.175182,6166250.664,41982.146,4043.6655,164.62,150.07,811.603,15.46,0.0,259.0931,35.062999999999995,0.0,30.61,50.0,0.0,763.2097,258.462,0.082,0.0,0.0,0.0,0.0,0.0,0.0,121708.6,0.0,0.0,20922848.744,0.0,0.0,0.0,0.0,0.0
QLD,1999-2000,1223090712.1674368,7375488.576692703,281938.14098739903,563359.105284053,1099.9077135960001,2381.9760259171558,3265.6209549966247,5.275355446,3.60795506587696,7869.1602746088,119.546541623,1398.3106308705055,2069.9297,82.5,115.90959199798999,14516.365206441002,661.1356,143.713162587696,1365.91561,0.004,78.918335928895,1.572,12.5,463.6383079944,7922170.822195087,108663.2,10047.1,127466714.29928388,0.0,0.0,0.0,0.0,0.0
QLD,2000-2001,906424649.3170538,8016092.437895989,719457.2021006264,276280.823188916,1899.36772442,871.410157666186,2007.0111387735035,17.152795162,1.33197170923471,7797.4685472987,129.553944599,1167.0901442097172,5926.5741,577.26269,523.34612261548,20226.450077483,678.892672,278.538570923573,1832216.237888,2310.095366,277644.3870748308,236521.67799999999,3738.19067,20569.34319046192,6623265.196969804,87360.6456,419.483,135161918.213292,0.0,0.0,0.0,0.0,0.0
QLD,2001-2002,1004764085.6628436,8023921.850948692,1147814.503923808,442887.021279331,721.2873411,185215.169334268,1836.58408177613,4.732406405,7.3808758028,10276.471381848121,120.373888,140.609594392,38958.454730286,610.0943631299999,199.315959051,29828.884748703,228.86818759,78561.52178025398,2728012.597814214,23127.4545202,615.319140227,530993.983066026,6421.5286379,4656.963076202,18764914.91382974,189902.575,2770.40491076,144520571.1551557,189001.104,0.0,0.0,0.0,0.0
QLD,2002-2003,970228192.780834,6454459.9803158,1340391.2547525016,402550.556800008,910.891,40610.3079,2504.9826293041997,17.1477,4.0662848,7830.3728000176,100.7656,500.9182,65458.558300033605,445.242,480.2123,55354.1912100224,3572.9665072,31950.6664,2048062.5705000137,5531.242704300001,54060.886,732060.9700000001,2511.034,19679.502,14769158.217688,176433.21300000002,1574.7830000000001,141339829.9701,0.0,0.0,0.0,0.0,0.0
QLD,2003-2004,1018915571.5296096,6500614.41575424,1131808.950215821,279309.1421,4104.0442,655.3138246,1586.4329073,55.46229999999999,6.6797518,6810.1725,154.853904,329.6512246,72151.845,1080.526364,547.1546146,55673.4773,1428.5279,28394.4056246,2114247.8659,51909.078304070004,53573.964514600004,846379.3999999999,15066.0800111,6409.509314600001,16744396.81,177902.8029,3044.8897368000003,145388624.78,0.0,0.0,0.0,0.0,0.0
QLD,2004-2005,1108516935.8665514,6003925.7626586,1369768.0285678206,370705.4646,356.7792,610.2999095,1977.3896558000001,4.619258599999999,3.35086868,8512.6088,80.2803,236.5640095,89573.91320000001,248.7345,607.2617095,61213.0162,1174.2914,8494.4067095,2304413.6474,1008.1987,54208.2967095,717066.4854,2136.4483,6342.8443095,22479067.54004,193025.8027,5266.7476882,171212044.72,0.0,0.0,0.0,0.0,0.0
QLD,2005-2006,1129861055.841518,6192129.8433112,1132287.5517021643,455210.1667,792.5202,965.7001369,1710.843635646,34.544999999999995,77.422404728,7064.7644,177.0283,236.637436428,79945.4711,1113.196,1179.6597408,69858.6548,926.1227,14357.538040000001,709555.8188014,3040.6486,56535.155139999995,693042.1339,4400.216,7567.8555436999995,19069537.1946151,214585.47999999998,14092.0331441,191393833.2698448,0.0,4.5,0.0,0.0,0.0
QLD,2006-2007,1144928959.519725,4699035.6310327,1736939.681864432,367026.7477,291.697042,747.3031996,1933.585179446,4.0926528,5.070409,6665.1559,56.752621500000004,260.16549960000003,62054.748195,145.7762105,806.1557996,63406.3287,923.0557,2394.6349996,724281.14401,1069.857336,54578.0296996,645097.0613,5254.808,7933.376200000001,21475716.690611,362600.5,3232.0270001999997,202710149.1048448,0.0,0.0,0.0,0.0,0.0
QLD,2007-2008,1159381473.9605155,5351089.1566605605,1645369.0234607183,372414.93766024703,286.8508,331.454440596,1784.4979525556598,126.65138400000001,3.7104360440999997,15597.632659641,43.242682,158.38396486599999,51327.645134854,834.9653,183.306025769,31261.818325202003,1256.3125587549998,2794.137420325,582303.717398633,1032.881787515,522.378528782,709497.3726917651,5272.1556,7336.277195072,19020890.998879824,0.0,0.0,212524591.42890787,0.0,0.0,8098114.538206636,0.0,0.0
QLD,2008-2009,1154682848.2814207,5579059.522963895,1136279.8359814389,293930.65273379773,925.990411774,206.04082333620002,1197.5651219294014,9.506570205,1.80697570973,12880.969158748996,630.42124477,77.7360423902,50425.689396795926,940.70545324,376.2711602639,30629.16810327126,1230.0856405400002,968.9558774203001,191682.76945710994,7045.94880954,715.7851803734,637827.937835393,219867.67303099998,4047.640676779,20295270.961400386,0.0,0.0,209340411.61408192,0.0,0.0,8706098.586813457,0.0,0.0
QLD,2009-2010,1041450747.5630012,3520595.158216735,2211885.1377612255,179962.89609441775,181.79651058375998,148.46347285255595,944.6964737107213,4.90442385117216,0.6132823025462474,16293.807447655698,122.7378325818376,37.91601149101244,41589.33201669602,342.9346113768,288.52326619943676,38548.015671727226,324.11821106752,617.5462592786248,110232.7583966998,647.40663228608,200.84332928076228,371282.4031271081,9513.98475575824,2640.709986957747,20852540.620073356,0.0,0.0,207735467.24666542,0.0,0.0,11102854.355297096,0.0,0.0
QLD,2010-2011,1171305501.9110136,4264789.938912135,734399.0908506173,221419.57098673965,206.96357648,219.20375989688793,811.930362499933,8.67382935,1.243175861946552,11747.837043014657,296.304776189,53.69539848075288,62447.67870252807,1513.844668,550.4931387348564,37306.42886442127,394.36721950000003,531.4921876766551,125238.3060224654,1509.82525796,366.1404852601897,425012.5667024667,128005.110541,12347.540078038424,21151046.83460837,0.0,0.0,257242984.17419875,0.0,0.0,10520658.640373135,0.0,0.0
QLD,2011-2012,1133395683.1664958,3811472.1883252766,1164322.958449965,152684.71295077508,128.86607554,102.28397740794303,679.0495510523621,62.48993665229167,0.7461296507999906,11459.010329738412,25.1881500534,33.53783578359969,51477.83168103669,516.34945926975,347.5622050267421,48211.38002501261,266.937182605,144.553396857269,127228.65812916304,1537.93969434675,265.7490232707417,250364.71554424474,4388.20205339125,2514.5964555226446,17328397.07776418,0.0,0.0,267323357.95736203,0.0,0.0,12918995.08279738,0.0,0.0
QLD,2012-2013,1224449650.8486192,3709577.0792975836,1227808.889952133,155664.65791203082,153.17983171583333,112.33947246140153,729.9001532814833,10.329059129,0.5743975266085859,13275.93798462248,126.58444055416666,7.306335536600337,61018.65132981103,767.8164679639167,385.42491883043266,82878.68659667933,303.44015008083335,104.52512878285859,115287.14675163994,619.9653257683333,165.71293150677272,261502.0825291231,7782.235594805833,697.2046828037306,17369039.764217533,0.0,0.0,325234395.79687965,0.0,0.0,12640843.031255439,0.0,0.0
QLD,2013-2014,1292055497.089154,3607267.989639443,1960462.7114058025,141392.71785197206,71.9804976,119.1049737343526,2263.0404499166025,5.917122673,1.2817782236956436,4241.906324048574,40.887977868,10.033419413618356,101369.7543780465,335.5062414,625.8100696149457,57914.1364927302,213.65141331,138.85693673066436,175853.23966946756,733.5725786,178.51308203924796,272978.9021573908,1444.86009236,2536.934387511959,18134064.51398456,0.0,0.0,359934069.6400154,0.0,0.0,13284450.862210741,0.0,0.0
QLD,2014-2015,1192661391.1302128,6472113.6855131,1418060.971985407,86168.35552840792,258.9826055,204.39051990738113,1966.2376428958967,172.85684695,0.8341240417179155,1929.208372478884,262.15754085000003,87.84659146608469,123307.80652660763,348.61792,455.1913637407427,82919.55561443446,143.64719159999999,97.01190273079156,124631.65160705835,1159.4817425,1530.0710771986123,303778.94563340856,2660.759322,12825.30200993397,17607618.719606213,0.0,0.0,348571579.09499735,0.0,0.0,12886021.436600827,0.0,0.0
QLD,2015-2016,1196078002.2907972,3321507.020439134,1056593.6848230779,64858.58494194651,77.095995239,169.68693334374237,2274.3465242962297,8.803444,1.1058841216070703,2812.218926363362,803.708978217,67.70217116049831,102484.17091714319,395.658745745,556.2578247823366,72574.8771660379,164.884278573,744.733469746707,69916.20766176445,357.992815983,610.9030246776363,209743.402932438,1487.8556668,11995.325801367346,14675805.023693223,0.0,0.0,343637016.1264259,0.0,0.0,12189511.812213121,0.0,0.0
QLD,2016-2017,1167510000.7295108,3060508.3803771627,1060544.0894480627,70788.50186552502,133.1959169,124.2073705177083,1299.5412917701449,35.015511165,0.9959440554972219,2412.0253231488755,863.24636124,51.455107468601845,41191.44548676466,346.22812745,258.5507612838795,54341.70941945978,158.801927475,668.0968805212223,114623.56309734944,312.847593,2015.38389365475,170829.5595277925,1238.9052818,4647.909585197518,15668136.045373566,0.0,0.0,315281624.802813,0.0,0.0,12970268.697422197,0.0,0.0
QLD,2017-2018,1201835716.8771975,3394292.897733923,1299537.6204615666,63473.57366992132,92.501857,97.68503461909336,1521.339296910074,30.99441213,1.4363066847911856,1405.6651326002802,333.90648492,20.94494825035408,31343.8287925459,242.688389,320.67912007258525,42397.035706797964,119.7541266,168.4700170340889,93723.35666023075,252.224382,533.62347543208,205317.3959382032,1189.999385,1922.845734681341,14695645.255314087,0.0,0.0,274259127.505278,0.0,0.0,12833738.847775904,0.0,0.0
QLD,2018-2019,1303042818.3062656,3190779.901208507,1061920.1859838606,105811.1643697118,278.5156616,213.08312078922816,4271.079741912583,8.284058677240001,1.7859924566259824,2256.6228311922387,22.014643034299997,18.76128099300626,32634.118709354214,11778.204483463,682.1148496193617,54015.658200550344,1423.09903772,529.0747693265982,131116.75141632877,903.68969212,3169.0008479533385,301831.46276209306,1213.8549258642856,2596.719644539447,14978116.111876478,0.0,0.0,297146855.63115513,0.0,0.0,12631170.537283625,0.0,0.0
QLD,2019-2020,1257915277.0550787,3138867.256545755,1100319.7382332238,92321.03139487331,89.10920845,149.22256342896347,1976.0779090794197,9.5594779475,1.4375966335710808,1726.7904831494257,23.527352,9.134317170991885,32725.741777205505,418.510506775,445.0030368014729,45145.50482481625,116.807328075,811.8894490091081,71703.09522744907,927.6725953000001,2480.4820677393973,280586.4174441329,2200.4621153499997,8469.30024800889,14503634.398594292,0.0,0.0,301665866.6299515,0.0,0.0,12301053.602522561,0.0,0.0
QLD,2020-2021,1383754767.8807614,3240965.52845954,957049.497773736,96291.90381734174,78.795948505,180.2966073942697,1903.7731162924294,5.154675570999999,7.909003561340664,1589.4784591576297,37.319109468,97.04428331718215,38833.71342125475,373.747809086,3103.6146293648544,50970.80840688385,94.01930982,10611.611005716066,254576.00882026367,449.17602551,10015.420955464659,323114.8727860278,2120.1397045,10636.805571303417,15545739.130133357,0.0,0.0,343483294.5437243,0.0,0.0,11803253.310463937,0.0,0.0
QLD,2021-2022,1393453322.7602026,3594195.5304090083,813503.0309423782,117017.39074777871,161.94885150349998,232.80536388950404,2443.8817834301476,4.2967341828,2.7370905406,2676.3702012822405,24.450186893799998,30.0782410831,39062.85422059902,455.251585837,493.03040725180637,54761.47643358142,115.3135045398,1254.9196458265,97495.3323321032,1337.442163814,2554.4586535250037,308295.90667248797,2573.48876071,3424.7992482346,14131511.559749587,0.0,0.0,357324777.46602094,0.0,0.0,10648816.403166717,0.0,0.0
QLD,2022-2023,1318197886.3964899,3968173.0933791692,672291.9152755826,132190.18387042207,284.5434784,715.134210164,2419.6372302923583,38.41051563,12.2018417096,2546.2257802127147,27.39530275,37.99761086711,39471.40796421817,529.597507,1131.1397331111,53875.6792131871,176.5572079,3433.9673049514,126151.97730091336,2578.6673807,5539.3994509842005,325489.261132644,6574.2952055,10052.688423954,15035126.695254449,0.0,0.0,361331100.02050585,0.0,0.0,10496349.761690915,0.0,0.0
QLD,2023-2024,1402616017.1048136,3877473.452257535,650207.0176648435,216876.80280681237,127.6378460081,126.7886990874,1355.020905586507,4.02787198534,2.204681844845,3944.6761549181865,14.3935119411,11.34098525326,41472.65635311784,264.2069036781,480.80775250795,57912.15561377579,71.5718961081,1254.40866076475,129240.84353380474,460.8324036881,6045.609959081199,354001.329806364,4318.4469722,1149.3823909534,16126361.774082944,0.0,0.0,415900574.1431461,0.0,0.0,10688116.517540518,0.0,0.0
QLD,2024-2025,1384164101.8156502,4565451.467680263,788463.857339567,152101.68100224805,616.38256423,132.73057256627135,1243.2276024765151,5.694184496,2.345860572489395,3957.7116089862106,48.29081156,14.504829761803702,43327.198953157684,2667.8457213379997,392.98811168893286,60004.77418374852,810.90039578,212.04619695923316,111249.12027716474,10948.07681505,2517.281647983665,304995.424880881,204645.50367025,7903.741487755001,16785786.561307278,0.0,0.0,444655308.03584236,0.0,0.0,10374163.614654006,0.0,0.0
SA,1998-1999,90484475.93311015,3910813.074,178254.96039999998,580.12029,10239.8,0.08,14.200004700000001,27.5,0.008400000000000001,44.22002,15.95,0.008,3.8059999999999996,0.0,0.0,504.82023,219.6,0.0,0.0,0.0,0.0,0.0,0.0,0.0,0.0,0.0,0.0,4149895.534,0.0,0.0,0.0,0.0,0.0
SA,1999-2000,233713708.314142,4478914.127,278.896283,28744.238663,22942.857,0.280583,38.354927,26.85,0.031799999999999995,153.28453,1116.14,0.0482,454.63268999999997,656.47,0.0,197.43619999999999,2307.04,1.392,23.4696,3.6,0.0,273.53,0.0,0.0,3049962.64,112.1,87.1,15240937.3737,0.0,0.0,0.0,0.0,0.0
SA,2000-2001,210762071.872025,4581997.676,101401.1547,91444.24626500001,13670.6,0.2213,175.48066899999998,33.4,0.1017,3372.8197099999998,922.74,0.0334,1939.8143,2200.886,0.0,4488.6082536,1920.68,0.606,995.3267194,0.0,0.0,484.84,3112.0,0.0,3123680.195,111.19999999999999,125.17999999999999,13253432.743,0.0,0.0,0.0,0.0,0.0
SA,2001-2002,243770883.21237195,6290614.689414999,51920.991219,76350.91849,11366.6325,0.3462,1014.1337,29.051099999999998,54.42626,3222.44002,835.0,0.21589999999999998,5349.83298,310.6858,1200.4978,8956.2774501,1021.7612999999999,86.29289999999999,2383.7811146999998,3108.2782,20.1017,82924.84,42808.600000000006,180.5216,17335862.079186156,110.6,98.77869,11641638.57121,0.0,0.0,0.0,0.0,0.0
SA,2002-2003,232109275.91028714,5662403.943342017,200413.08707836602,55008.01487485127,4381.129999241531,1.0519999981774018,790.2494288723246,42.16000002317131,0.05699999995157123,3381.5186968654148,528.8500007658452,0.9604999997420237,4487.112520546355,1356.9900007545948,1.373999996538274,3100.5239258187203,587.0999977141619,0.8979999971343207,9893.704504585567,66650.29999919236,2273.4679999999657,101369.42299897766,30704.5,1.837999996538274,18730228.289822176,113.6,131.2451600198373,13494039.023597289,0.0,0.0,0.0,0.0,0.0
SA,2003-2004,236532605.21216097,5766838.038916293,279841.1669544706,50675.8539666878,5842.637210004032,136.13529617999166,146.27313031290936,29.180006622053497,0.018464809612908084,3272.520391060296,733.071700591594,0.04728282161522657,4228.451031236781,1306.597752980888,0.2492961884331635,7739.814320769451,796.1054610175368,445.5718961827707,4491.455927557199,97082.42309998095,62133.42949617264,89101.93100702763,29509.132998473942,68.02929618217468,16523648.818125226,110.59999980926514,1106.4142683089842,18753423.10363206,0.0,0.0,0.0,0.0,0.0
SA,2004-2005,239099750.96385998,5341957.228464624,354173.8297628052,52032.31344319809,6272.869999848008,389.8380175918887,167.4108715779617,37.59999989286065,0.026258840739949954,3446.342482043812,741.5900013726205,1.8084206916654484,1779.5162359970516,1133.7500019073486,83.18878292917553,3637.6920541495497,858.3741974882603,274.8938133830378,9181.758005593112,78080.68999734879,66073.04530914186,86464.95768742342,26237.09999847412,56.244220735304985,14137810.813526843,110.6,1575.079527601827,15399064.862332132,0.0,0.0,0.0,0.0,0.0
SA,2005-2006,236414657.0772106,4895024.66527246,265841.49358794594,57533.4857100403,4580.744,593.35987,221.90715302233016,28.874000022888183,9.11347999996908,3369.6550000928,690.0935,0.8916700000000001,4555.33200017798,986.2620074462891,72.81906999943376,11090.585816143399,865.3042,333.37607000149006,14532.8676227222,85762.307,52079.84237,120633.0837,21953.291,54.367869999999996,13356731.71612216,99.86,1555.1244,21014522.076131415,0.0,0.0,0.0,0.0,0.0
SA,2006-2007,232488015.7851556,4085474.4002999007,115659.68049888498,62750.0218410412,4979.3,51.572513830000005,173.16160101206327,27.1,0.051071689,3402.822030093,636.61,0.22721339,8048.055390175,960.5899999999999,89.36031898,15086.450433643,722.0543,43.495614980000006,15240.303002522,24355.62,68.29151498,126373.555,18664.678999900818,10.595,12119974.2285858,4232.2,80.04693679511999,25225635.53649,0.0,0.0,0.0,0.0,0.0
SA,2007-2008,243571831.59694317,4025942.801257,18776.0793886,64356.14359618983,2942.02,67.78599375,311.01227029367965,20.18,1.3092265,3435.3130792287,414.61,0.23951675,8303.730509102264,812.6899999999999,122.2799,14568.98723453843,798.6542,57.9008658,16738.376991145426,16130.6,158.2531675,126933.52785937757,20167.2,81.57834030000001,11717995.979301613,0.0,0.0,18370165.668846287,0.0,0.0,1444611.1013891406,0.0,0.0
SA,2008-2009,230508174.27488387,3712200.7030232,470597.4246435822,49241.61898501756,3641.3570000000004,15079.598985745,310.1631567524535,20.9295,34.073687781,618.102212850025,413.141,2.260928738,6561.207833968325,1120.866,143.301290117,14447.638372301712,1161.2742,80.775036053,30539.9010077797,2122.015,44.447319462,68151.35316636287,22099.3,253.0708793,9701866.086894488,0.0,0.0,22063033.809084408,0.0,0.0,1875629.8249267521,0.0,0.0
SA,2009-2010,242770604.59800032,4159288.8786605,957295.9998758405,46684.59847603806,3703.3086,60.45388749264151,151.56459544300142,16.727899999999998,0.07146941007277628,561.3459324245999,356.6137,0.30295339169811325,5741.288611938409,924.3974000000001,124.63906899061995,12722.05313000769,689.9766000000001,58.29834212727763,37991.74825890522,39329.1839,32.993245296549865,63610.533879784,20295.0,41.048172482479785,8343786.206044552,0.0,0.0,23659530.88076821,0.0,0.0,1606870.4144026067,0.0,0.0
SA,2010-2011,276334652.0733428,4946138.458063996,1198015.9570704615,51699.40563772789,3447.8372,67.77019387515094,271.4402448604525,14.782499999999999,2.136898235477628,1502.4324145587916,362.7545,12.34170137781132,6039.009498081766,892.0267,127.53542011199461,13155.929618248965,1512.9578999999999,62.3563230677628,59417.000119300865,35445.3689,56.799630172986525,61049.397885432,24369.131,29.125014607978436,11841426.42598866,0.0,0.0,26796666.108278945,0.0,0.0,1637245.6422986104,0.0,0.0
SA,2011-2012,279252925.89057845,3917574.200900352,1283932.8574588688,68479.2027040761,6433.7558,115.37165756535849,295.11337568619206,12.0084,3.215489443490795,7118.386383451696,812.5863,20.383793983801887,7064.701449139994,753.5078,237.7587578383086,9444.516215364014,966.6135999999999,111.62635001307952,48108.63149668643,31006.014900000002,70.61126426052157,60421.044694649005,23994.9,47.114376165234496,9898899.008980304,0.0,0.0,28359990.93702364,0.0,0.0,1738499.3910900003,0.0,0.0
SA,2012-2013,262657258.0692275,4270258.025500212,1271504.2069487085,65834.90144654673,5134.5127,80.41147427209434,240.67596910179583,9.6045,3.541921722619946,5384.503264512381,991.9913,22.274791503132075,6862.620983080445,575.5428999999999,317.72769123931806,20702.000462424203,2207.2114,96.3607211219946,70996.79638848586,27179.8545,133.26092587779516,63429.36606,23331.3,258.6444494692723,13823823.458294598,0.0,0.0,34463291.22755459,0.0,0.0,1574325.7146998225,0.0,0.0
SA,2013-2014,253387592.42083737,3604390.7161102057,1335508.8233083459,67426.16709550036,6850.745,34.565901732226415,236.78452145677628,8.35,4.352747253059299,6995.036562308068,954.59,20.230316855716982,5924.445589011241,665.02,177.73502900113476,8549.60435724981,2921.0800000000004,82.85472848292991,54800.58060286068,31955.56,73.05192983333693,66375.0368404562,27933.6,74.44525080053909,13405734.672400327,0.0,0.0,36148994.60637374,0.0,0.0,1617676.4847169425,0.0,0.0
SA,2014-2015,236485555.65634373,2551382.029000204,602062.3889582492,67682.78751432628,6987.0853,53.7465370443968,282.35245685373894,6.228800000000001,3.8838233888990175,7887.650799762124,867.9392,30.256308074310404,5896.071438745942,541.1513,558.3822941880549,8584.093868608956,1108.457,121.53402629990173,38261.70561844346,25424.5939,876.2549731909115,61086.472813062,27263.1,293.0584897522196,12097975.134180292,0.0,0.0,30581704.037489165,0.0,0.0,1696292.5574906918,0.0,0.0
SA,2015-2016,238834096.3183938,1987573.9817472224,642724.8434766856,54074.886009837355,9427.146299999999,30.818967533871295,287.62653269789917,9.5574,3.4186465420844887,1303.8076812627796,353.0603,72.21548722863807,5241.908786390021,704.3743,199.1916844406051,6697.719685844006,1278.5719,82.58360840844885,30020.147575251034,4951.6749,177.00232204760397,46864.01216831822,22934.220467000003,47.28157776242032,11877073.334845955,0.0,0.0,23239340.684911154,0.0,0.0,1443587.546566002,0.0,0.0
SA,2016-2017,235857025.92830473,4360683.489205444,681614.8919809054,56713.34844819876,9984.369131,29.35019704309434,668.1265972520175,6.6137058,2.9277065987628035,1976.490382471795,999.3019,96.69510547113207,4562.054146389341,691.726036,195.87497336646092,4575.079629357454,4097.537658,107.20016586528033,31346.39770321799,47679.714234,222.6840081986523,61698.91755352311,29892.00048243,6.369682797843666,10901995.522331985,0.0,0.0,23436597.141118307,0.0,0.0,1328371.2076954935,0.0,0.0
SA,2017-2018,234823580.65213692,2629547.0800344,722640.7114027584,65347.46556804068,14403.435936,37.37144939353774,939.1800149712689,5.7407998000000005,3.6734796338908353,1944.935827078351,973.2684935999999,110.00037321745283,5000.437837136224,539.828538,294.5483707890701,5116.388957243877,800.027998,126.61195745908356,26752.4030379986,41363.488171,277.0018217601752,54891.88814745233,36815.05,39.759985276280325,9632790.693880014,0.0,0.0,25915320.378312737,0.0,0.0,1408437.3943736518,0.0,0.0
SA,2018-2019,252971575.21749896,1943221.120229065,636511.1109136646,67296.46533499958,15731.5603479,35.55759830474906,565.6175981855141,5.543321415,3.6368945580366576,2039.3028755608375,1532.3466099,104.58192582083868,5192.090042531326,552.2036186500001,221.29633418021967,5561.242081709533,925.24321415,123.29724754366576,29521.34369868574,23833.7561829,256.28807424729916,58385.974779487915,45740.6,15.864155697878706,9785266.67800414,0.0,0.0,25871587.81774885,0.0,0.0,1365415.6694185203,0.0,0.0
SA,2019-2020,232807265.20368654,2424178.890533797,514304.3682321087,48560.33239513243,19788.534954019997,34.84865263915094,216.03808077515401,6.379437167,3.997698982991914,1072.1658267516975,1068.1742626999999,87.00487886981131,5378.768906992544,450.94446616999994,193.35804944770888,5930.660033207772,587.97127167,106.15915789919137,37024.68107079675,9675.4011344,222.90774008927224,42823.964343997606,58492.69,39.56421179083558,9352978.865638766,0.0,0.0,27536261.53996818,0.0,0.0,1239860.2167355893,0.0,0.0
SA,2020-2021,234663764.7537189,2313267.2048625,546092.7020437951,65014.50989912131,17493.611694,31.64024489635472,124.08458887106079,6.7239847,3.086333730250997,1115.379153156601,815.4478388,101.4766137358566,5093.15520660863,416.16834700000004,221.4117470511159,5701.171480315464,545.194847,119.75877745509973,43398.94877287205,25136.672104,253.82862798258975,51812.64168868819,37949.94,35.19886238446361,8726968.421867916,0.0,0.0,27018509.217844225,0.0,0.0,1306181.2689273541,0.0,0.0
SA,2021-2022,235132490.95187294,2222601.5068625,457068.4308023925,72298.7701811202,17421.008166,22.996411239999997,240.56445290058602,5.7008583,2.463902436,2890.1396568258,895.1434332,91.89837284,5090.3335344125,412.26858300000004,233.07593094,5743.0955467477,1050.618583,139.334873289,36744.8395005693,38871.014656,252.32438045,48028.073315704,30396.32,31.3817029,8333216.46872205,0.0,0.0,28525265.835888304,0.0,0.0,1330259.4377191083,0.0,0.0
SA,2022-2023,211745995.987395,2684471.798246543,365744.07254675956,77666.40019752596,25366.11614216,77.86321455,429.300158808029,25.7355071081,11.275359698,1683.84608527734,1901.382028432,136.42730942799997,5076.3180813706795,574.495071081,286.061474719,5589.14155336113,1241.1650710810002,178.779534514,40735.93172737096,44186.682274599996,268.82149529400004,42193.110263056,45780.189999999995,30.488803516,6516028.507322262,0.0,0.0,27545960.458615147,0.0,0.0,1047897.4558063747,0.0,0.0
SA,2023-2024,155587070.52668932,2174973.4699112,303282.4732079558,54905.82849229508,24834.569512000002,61.25011809,482.32704361188,16.5850512,8.7466879025,1594.8581487067,2971.5010512,120.747924842,5005.8350254685,560.470512,289.05106219,5831.992362815101,735.960512,164.547524675,38708.5558515478,44395.9862008,264.20446217,33694.928574394,43373.52,58.1642692,5739555.40883377,0.0,0.0,27895521.12674408,0.0,0.0,1035373.4364326585,0.0,0.0
SA,2024-2025,196363418.88372582,2444678.7349664,333277.88237113174,73259.5776532835,27024.712512,63.38354713977466,142.15118864138697,45.1930512,9.025513430156124,2698.1479915439004,2166.4331536000004,121.5717549802279,3839.6751956771,486.802048,195.12791891805912,4944.9216862613,559.451024,131.9045720429169,43458.1611485874,2862.459024,202.98887089024743,42563.74434378,44658.36,38.4362744,5071747.243871462,0.0,0.0,25080632.98377056,0.0,0.0,1045431.2413008295,0.0,0.0
TAS,1998-1999,7563439.6769,1679422.854,222.5,81.172,257.23199999999997,0.0,7.669999999999999,16.0,0.0,9.033,0.0,0.0,23.2,0.0,0.0,5.39,0.0,0.0,0.0,0.0,0.0,0.0,0.0,0.0,238303.0,0.0,190.0,1490135.07,0.0,0.0,0.0,0.0,0.0
TAS,1999-2000,37564089.931116,21289577.430464502,489.10399440000003,4274.2853,4976.044,296.7,175.03073,40.2746,0.0,48.1503,1589.4623,0.3,96.42399999999999,12754.6507,0.0,249.45696,445.0779,0.0,1937.5774900000001,475763.3427,0.0002058,361.83,104035.5617145,0.0,1113296.68,10117.1,154.1,2666635.576,0.0,0.0,0.0,0.0,0.0
TAS,2000-2001,41955697.57152348,20047939.555242065,5802.4,3191.671,4303.698263,5652.5,300.93143299999997,38.856210000000004,0.0,82.0678,1059.4624919999999,0.0,116.56400000000001,12572.24688,0.0,282.64741,652.466936,28.8,3612.99355,456233.21308226,17.400000000000002,348.144,105847.41434,0.0,766364.7035000001,304.7,35.7,2475541.257,0.0,0.0,0.0,0.0,0.0
TAS,2001-2002,42533287.916439965,24918608.32350714,49934.1329943076,3046.6736,4556.621,29.554236085,387.17797297,40.076,0.006992868,84.15332599999999,993.899,9.673717575,938.9932,12698.278,2.028129118,284.25815,516.17500394,4.871386749,5409.98666,464515.78600141,78.642488073,21683.5273,122730.88999999998,287.521616472,2367949.0674119,6347.1,10902.1,2271376.7199999997,0.0,0.0,0.0,0.0,0.0
TAS,2002-2003,44435459.68897714,23951200.398736794,209034.8017377084,3645.9055123418902,5138.810599973425,279.00201561301947,434.7049520920947,43.74807137010067,0.009500291031145022,80.67811560122169,926.8336703239474,1.020908451624564,1266.080089580696,14908.153396753594,2.7045659273862834,234.5099357119493,976.3752089605815,2073.975529162213,3801.1400302241277,504242.27650101134,3.867116234265268,13665.111437776475,129405.61100000143,80.73722374299541,2811489.8726235675,8498.227072006464,111663.87,3831473.5265859985,0.0,0.0,0.0,0.0,0.0
TAS,2003-2004,55651995.817030765,7311038.068995288,336203.4349661179,2506.555732780695,14577.944893624634,1.1409339876845481,166.45540849873404,44.28007223204622,0.010859370879188644,97.69445179875196,1282.7526866541011,0.2235186581965536,770.3607619517111,13986.319299250841,3.0787351876497273,547.0371554748949,934.6661778995585,1.086604114389047,3845.4531130878695,63850.510458409786,0.9779434185475111,8179.502023994923,274364.62231562287,12.31486077606678,2396769.303848505,6112.099999427795,202377.18599796295,2353695.4442579746,0.0,0.0,0.0,0.0,0.0
TAS,2004-2005,62467583.652987614,4518852.295238909,324443.38858868997,2725.382805311463,12476.48698118478,58.47135079838336,254.69437696262062,49.940215938011534,0.010187134990701452,106.54068222672906,1082.0536083963234,0.20816650334745646,689.0221095101592,13226.560719922185,2.8936018571257596,333.77298966824895,448.61595742590725,1.020380568690598,3833.4755233787764,59723.72260911953,58.41844221763313,16415.05512150528,302216.44515920756,110.97432896494865,2286570.2497360273,6022.39999961853,182752.86199951172,2519896.8932870384,0.0,0.0,0.0,0.0,0.0
TAS,2005-2006,61673256.56559706,4601510.3697122,298271.8151782608,3851.938062512564,13023.435651302338,16.865478931460526,186.22832926008675,27.382154043982155,0.009195041333441619,157.04684721120532,1426.9300108924508,0.21455095475539565,704.3951962044181,13194.631421115482,2.6052617253735657,1749.117835913592,554.9754910403101,0.9195041379425674,4033.7878690724065,64066.91835923441,29.42755409749225,16702.03656340061,408796.8100889062,37.921046901494265,2323703.861459944,5840.0,165131.4619998932,2768086.6602419396,0.0,0.0,0.0,0.0,0.0
TAS,2006-2007,63205193.24703883,4654143.246228513,309573.02717321145,4228.12372512219,11527.897509562968,104.93397352408988,138.12421670574386,20.98215799331956,2.0941330835058998,220.56446427054527,923.7940085828304,0.36786423308995325,1099.7876551150644,10901.363549895119,4.933039645950409,485.9196027925631,438.52766306244393,0.8313081138052353,3729.4429031353725,65445.15443155582,292.97197730261786,24522.719706078704,428144.8900010376,109.18415858580164,2651514.474789988,241498.5,165631.4619998932,3524201.819477149,0.0,0.0,0.0,0.0,0.0
TAS,2007-2008,60359505.07934339,5090911.249118346,137438.56314370065,3140.766406435314,7644.645068899999,130.529445102,75.0611214220769,31.9304565,2.1084677082,136.89840314392688,1021.9260999999999,0.9009989110000001,694.8005636479269,12020.81265,364.26150249799997,1976.993626705177,666.54003775,1468.8486867640001,3911.035611733876,59543.85919,371.177610087,30468.658570535397,360514.24569,154.246151994,1771671.187464439,0.0,0.0,3124274.09951474,0.0,0.0,483624.36500353,0.0,0.0
TAS,2008-2009,64673329.1409574,4180578.9705608953,238873.2737498507,43368.693671127,3823.937,760.4835387280001,35.8924969686,71.990075057,0.08857913120000001,77.874568713,1118.39,0.284786384,5328.017735777999,12081.88,26.115140377000003,3500.309966871,657.7335,42.02113307399999,6679.643640645,57356.397919999996,1271.580762867,17616.897861942998,278719.44314,911.295226506,1355700.832829357,0.0,0.0,3490476.0932622002,0.0,0.0,631498.9434370999,0.0,0.0
TAS,2009-2010,65259268.671773344,4673977.7630002,233947.27018519933,10542.192651178475,1833.77834844,10.373364741418742,55.88586752231281,24.9508,0.025389269101741833,67.237337588,1121.0,0.49392874287083127,1070.689334239,12509.617,4.464976446431523,2131.5188842525004,588.0830000000001,1.5758740394464192,6779.211869552,54805.48489187,3.652960635501778,154674.99164983298,167102.90043055,61.6342457847261,1599889.5296273925,0.0,0.0,2719939.4134125607,0.0,0.0,572317.0620498686,0.0,0.0
TAS,2010-2011,83865529.28573352,4394288.45915024,208055.7751576579,8451.660264819651,70656.44827461,9.005780935519137,38.558677498846144,19.8303947,0.02402607547580131,147.3233054697,3352.2190000000005,0.3875879321153639,69199.5574371871,10548.408000000001,39.061103636543706,14417.63953181545,495.12048000000004,1.345073503780131,6033.7865573386,83655.9755552,14.804463102302117,103779.1775417795,166651.06835209,249.3193334861748,1691051.3849067474,0.0,0.0,2669452.8717023,0.0,0.0,454171.40801520157,0.0,0.0
TAS,2011-2012,70929053.20463666,4372835.3380847,174335.0734385962,14046.930547499343,2559.73441,9.440678807504044,26.54454486395956,17.5695947,0.02029606627146708,149.951382310202,3372.6020000000003,0.27836817933423175,67652.81176805407,10120.307999999999,42.11847360691567,12966.505107690837,510.46759999999995,0.8366356261467078,8705.028631780735,83651.8667,15.983185263432038,186188.4817219386,134510.0935,271.2843144256627,1736890.8587092236,0.0,0.0,3051153.0088465656,0.0,0.0,448147.8716626128,0.0,0.0
TAS,2012-2013,73500152.03660436,2884907.887914,169038.57798600793,6496.870931577099,2946.67677,2.9666754248254716,28.09999024016898,41.65813,0.011396510817385444,149.39999068950002,444.492221,0.7975796054056604,1103.8917529655,7144.3707,6.872834494925876,2081.33728893175,435.45019,0.7506308807385444,6622.7880046380005,6424.810863,10.40107379256469,89477.40492715,93168.64199999999,139.2179499777035,1841508.3389659838,0.0,0.0,2989554.6331918333,0.0,0.0,537741.5292983063,0.0,0.0
TAS,2013-2014,65155324.02777793,1293076.3280142,122730.84111925586,2174.9851771960225,3808.3468,3.813232874649057,31.99703135775188,57.4084872,0.008073336939514824,134.9692066143838,669.476867,0.7236530725886792,955.6540232502783,6956.0560000000005,6.147344662862534,2220.3925739941023,725.196,0.40385988095148245,2793.75439910891,7775.56099,18.116323892556334,22481.904847947466,94228.443,198.2444786524501,1643078.326679737,0.0,0.0,2747484.7791814664,0.0,0.0,330044.12276967475,0.0,0.0
TAS,2014-2015,74076061.93925764,2104909.0771314,157701.42370885058,1905.271084703506,886.4634,5.095935547301886,40.283402924329486,38.2056514,0.001336578126684636,144.0364164962256,1459.8482000000001,0.6710068156226415,1005.6738124364014,12430.114,4.7203330515606465,2216.6447270347535,640.2616,0.13365778266846357,1022.9792810120117,12622.6839,9.032071004401617,15831.798269339355,98328.05,111.12208820724258,1772983.3389877626,0.0,0.0,2747855.2711213026,0.0,0.0,442333.70762156654,0.0,0.0
TAS,2015-2016,79338199.7962363,1463852.6705314,220500.78629065875,1875.8446727166001,2488.81718,3.2747355837075474,27.10366467141438,37.4780505,0.009940965578167116,148.78004273071875,1749.8901759,0.6227338294905661,1044.5400162230937,5750.828399999999,5.412072574814016,2253.7832673607345,5.5209,0.11922055581671168,1164.7282022428749,5609.823914,14.980188500035041,15394.17241673,91618.8355,148.33974837525605,2404524.1050842977,0.0,0.0,2624084.275410991,0.0,0.0,369530.2841602777,0.0,0.0
TAS,2016-2017,75204065.10466176,3272290.898262,136883.9674584146,1944.6380944035234,2537.4302,9.961107155290566,27.550151451740064,41.245217,0.03746423409371968,142.6777366791211,1740.449863,1.7687379232867924,938.501120253668,5043.723,14.853086928053909,2025.392120011545,562.7520000000001,0.22679538537196758,1425.1286256259843,5059.59295,42.52764584853477,15566.533783306,98503.5474,421.0541477122156,1657869.9735365133,0.0,0.0,2686097.5193318278,0.0,0.0,355489.82187984855,0.0,0.0
TAS,2017-2018,81453961.28405485,2334459.92371265,130249.19191089267,1765.6548725148189,951.5587744,96.35668427421793,58.60946648102624,10.0886315,0.01230177460207547,145.08046583815968,1407.6539741,0.8344076481150944,1119.5927276516143,3183.6735439999998,3.5641418832547167,2573.661061971011,106.76645680000001,0.21303508220754713,520.2249145075468,3862.3295972,130.93878853218678,10089.698223438,85217.7282,180.10469410501887,1722618.9925563058,0.0,0.0,2298801.0618272834,0.0,0.0,379563.7799852834,0.0,0.0
TAS,2018-2019,84390951.65775721,2719678.107609052,56138.45972512005,1444.4196785708868,457.0801299,90.72458329242642,49.45751375399704,25.455106299999997,0.012213915556442047,131.18208974201414,1366.58732175,0.36422436031698113,957.5934909348208,5745.9297336,2.1478841629919136,1972.9313050969936,79.57842617,0.19492051564420487,612.5804747768848,5690.7481794000005,131.2297674050798,13511.217255084635,89244.61099999999,14746.842999650968,1221563.8843491282,0.0,0.0,2448221.7287441585,0.0,0.0,314968.58948465245,0.0,0.0
TAS,2019-2020,67688934.93480507,2776044.556303491,237899.72993822384,1553.4138331470476,2151.334247,4493.086900083736,63.98255153247547,25.30285,0.0094858561212938,141.65630637475977,1386.929814,0.027390754830188678,1210.0140779711269,5823.3134580000005,1.9949953963665767,2524.422425962497,633.261228,0.11738894912938005,488.6439968013828,5701.184521,17505.419626078918,8340.678705973476,94347.46615,9243.031379936465,1268587.2816108908,0.0,0.0,2174514.1556386766,0.0,0.0,323452.4958193706,0.0,0.0
TAS,2020-2021,62943438.68386226,2821249.131110506,35103.831174760846,2194.410778735192,22540.821771169998,17.670175885302864,81.9577370083328,38.138682768,0.014575063060027286,140.6856624336687,1334.2318027679999,0.09917837773397,1253.57355837304,5998.40245856,11.946162575341063,2433.0616332094532,658.1696793959999,35.357792602002725,830.1741163468496,7394.72928905,3.835300975402456,13471.476603125056,95421.44990709999,46.081270060364254,1276491.448596014,0.0,0.0,2277557.617471128,0.0,0.0,338424.4767178528,0.0,0.0
TAS,2021-2022,77139883.30339994,3370041.691175062,16832.45327247999,3214.32519937165,32005.272565930998,21.075854257999996,60.0449467413,36.081918341,0.039025826,174.3511096212,1405.4903023410002,0.991402355,1643.896533821,6138.01410605,37.556298372,2555.8827574805,659.4474914049999,21.604160467,1157.320046391,8446.91528322,303.25348576199997,14079.004419896,106039.4457016,8804.73484857,958756.4487004374,0.0,0.0,2568178.3983451095,0.0,0.0,395742.23102201475,0.0,0.0
TAS,2022-2023,62024426.88828534,2604160.08449907,18895.97618297223,1804.9706708920999,15706.29807885,1.359138752,55.92084165240001,33.19825394,0.01253436246,75.8645548005,1471.61697302,0.139695931,756.2722575809,2668.5828767,5081.068890626,1068.7536473499,160.09695786,1.8601806716,815.403570132,4782.2560527,1.643431662,12150.28759918,97962.757686,40.928609541,961475.4773397672,0.0,0.0,3330499.1501118797,0.0,0.0,476557.14793677983,0.0,0.0
TAS,2023-2024,55422860.73213849,2076479.0782210259,69507.56026893907,1494.3393862506,10326.28412434,975.723112633,62.916684463799996,29.326872692000002,4.0264286509,68.9952153939,1417.1719285660001,0.44313413199999996,1959.8225960536001,2908.018924002,8599.630708365,821.1993367708,160.294280982,397.515267346,1415.893918305,4229.28719671,764.066558795,10824.357716094999,92880.0185561,7470.174860941,877861.4034525149,0.0,0.0,4508397.215863778,0.0,0.0,518626.3863112779,0.0,0.0
TAS,2024-2025,2375535600.4889393,2133810.192024309,42415.20563306809,8568.3201293395,1525.09914122,4.195432886000001,56.183141067200005,31.151631476,0.0117456651,209.2292404295,1138.6811467520001,0.054880795999999996,657.789181322,1724.61459308,2.257865692,475.07803398379997,254.88570938099997,0.621989135,1453.30111369,2533.1735987800002,1.4004793229999999,19122.790075543,101202.25064759998,47.792529980999994,1000795.0803971617,0.0,0.0,3823089.6025398485,0.0,0.0,382408.1883875484,0.0,0.0
VIC,1998-1999,120308037.46870269,11359788.9005,536255.0,347.3042,2.84,0.0,41.5947,1.0,0.0,66.96770000000001,1.0,0.0,952.9021,0.001,0.0,30.132,8.103,0.0,5.04,2500.0,12600.0,24.14,0.0,0.0,230626.3,0.0,0.0,1655329.4,0.0,0.0,0.0,0.0,0.0
VIC,1999-2000,231305969.593387,17072337.94275,721489.798,4081.8026999999997,1439.555,7020.567,654.5386,27.00602,10.0,274.3996,86.181,270.0,1974.6087,68.001,0.0,3530.553,2155.47357,3680.0,93.152,2100.0,13800.441,2940.18,0.05,5.56,4501770.8,171.2,182.0,12379939.4,0.0,0.0,0.0,0.0,0.0
VIC,2000-2001,406123030.1749732,18335340.742,516731.3134741915,4567.21762,1529.05,5281.415141,407.358204,65.0,10.013007270000001,863.0292000000001,307.53,200.303342,2081.2227000000003,390.3,3.68736,2949.3701,2553.937,334561.300887,253.1958,2110.05,18301.170401,7879.5,0.05,14.74483,4875105.9,170.6,522.6,33382439.368,0.0,0.0,0.0,0.0,0.0
VIC,2001-2002,451676128.95378023,16714726.725,477366.4060882204,5270.3683,913.173,7390.12477,467.945959,53.774,112.8849828,330.8652,691.1,337.986109,2966.9042,520.553,7844.11793,3492.98455,1631.632,4089.50909,1646.8425715,5278.37,17087.92767,17194.558,3528.58,96.8014,20737410.70827,387160.5,3863.9,15698278.0,0.0,0.0,0.0,0.0,0.0
VIC,2002-2003,418829607.00015223,14957562.573086001,590243.3962899641,6472.8013,641.9,2754.852013,217.38836,57.934000000000005,10.120355721,424.6598,243.98,112.8115361,9069.9649,2449.75,46843.135723,4627.565729,1334.456,4012.0472686,2121.278799,4231.92,39683.0433722,13870.193000000001,11898.599999999999,56745.989816999994,21351583.14,379139.1,1093.1,11519430.91,0.0,0.0,0.0,0.0,0.0
VIC,2003-2004,436398776.14016736,15924037.5218,637306.5287706257,4277.1975999999995,557.99,1685.4340880306,163.6619047,50.158,44.128980000291,313.40076,229.266,124.00709660679,7575.2649,445.40999999999997,36.4911710824,4280.884225,1475.3419999999999,9114.06951192913,2147.59614,4716.85,40872.8996989262,15026.6307,11687.55,72225.01994033,19959005.9,425128.4,69427.90000000001,15480911.81,0.0,0.0,0.0,0.0,0.0
VIC,2004-2005,466715014.16073644,17189825.48133,512196.9028711319,3935.7258266,572.069,946.390615,181.8544684,45.30483,19.62797006,363.0992599,212.39600000000002,63.375684,5357.23226,7644.84,13416.13463,3050.4654162,1298.0765,4042.753986,1931.5764166,3615.9,30011.497008,10452.94851,12331.51,59444.54813,18193437.77,447075.75,318.4,15795479.27,0.0,0.0,0.0,0.0,0.0
VIC,2005-2006,445260914.76327384,14227078.4081,2772394.5373586235,5091.8844725,519.312,1509.862449,222.63637690000002,47.047200000000004,16.79391809,367.5871657,202.087,120.19106905000001,5030.651888,3532.223,1506.60377,2658.920082,1047.7014000000001,4229.390186,1707.7469414,3429.63,20945.455334,11435.328300000001,10281.9,40449.43835,17482185.6,348103.1,226.6,15601067.69,0.0,0.0,0.0,0.0,0.0
VIC,2006-2007,467007524.04211825,11425868.4413,529988.8455917427,6400.19321,461.482,977.4186940000001,220.1060943,39.8298,19.29929044,383.0908,202.09,81.0159573,8951.714880000001,3670.406,2378.159103,3446.187949931,928.7969999999999,2580.3678120000004,1425.86024527,3049.551,16297.774632999999,13622.35547,11819.86,29326.45797,17039244.28,0.0,0.0,14465660.9,0.0,0.0,0.0,0.0,0.0
VIC,2007-2008,491374293.36769366,8238861.211018789,465784.1876154264,5351.964839470477,390.30555,1149.641983902,179.99519567729823,42.041430129,17.547569241719998,343.6317301889013,218.1380063,72.01828351633334,7084.285069516515,3787.4817605,1249.7372194213333,3056.8286164025626,885.7327208600001,2340.7042503850003,1632.069101660618,3295.453075,16936.590685344,12328.494854783326,10443.315342,37226.85409526833,15511726.69311808,0.0,0.0,14879504.164271269,0.0,0.0,4583161.823943693,0.0,0.0
VIC,2008-2009,464849065.1074183,7815983.376796207,502362.3058966667,4395.343366771825,320.884935714,7.3197396655735,167.5996360520228,47.869982593,1.2786637865786998,332.2256637718,207.2653,1.618445449673,6803.1631944166,3148.3704000000002,19.674313222165,2636.46589502651,854.7281531,6.97739998788,2077.21174474256,2959.5268929999997,180.69024214256302,12585.703025055001,10908.081208,950.3752879804599,14347226.175040385,0.0,0.0,14836126.47716906,0.0,0.0,4448457.06800125,0.0,0.0
VIC,2009-2010,452312350.67811996,7569691.96703,605205.1729506836,4367.28400958128,679.8405,17.00405519622115,162.5273637595962,42.612460000000006,1.2481348904402014,352.6552582217175,219.9563,3.5131231336046995,6779.827504671828,4395.774600000001,228.83807895805705,2500.858547994577,792.033,4.813957444020142,1752.9621668750112,2848.686,147.33304753961812,11037.003792754858,13317.98,682.53122009763,14682922.73842823,0.0,0.0,18462437.19924842,0.0,0.0,4602229.663420272,0.0,0.0
VIC,2010-2011,430567374.9508355,11441274.9881233,628993.5173369097,4920.20323495684,1106.531,11.178445794812676,175.8679414818598,22.950499999999998,0.575108169845835,310.74749317727,219.482,1.3984967994028168,6764.4758366154,6951.193,110.08009170131992,3120.2874584705496,2116.763,6.079651424583501,2711.8478587094,4941.554,51.49029668112515,10982.964413769,17675.58,279.7289708052797,14548660.215565372,0.0,0.0,20747466.284586474,0.0,0.0,7033154.339858321,0.0,0.0
VIC,2011-2012,427035617.0826244,11816631.80771676,566522.3920513504,3777.320338212565,866.007,14.125608092510587,1628.8869605287616,22.326003,0.7688369861513497,340.550970362565,204.4364,3.121566187891662,6770.941251155345,6231.33,157.97344834610794,3684.106744488238,1756.154,7.149622946391036,2579.87905485192,3799.038,82.70600065215193,15663.2793146035,13306.212,438.2519669064318,13722136.261867324,0.0,0.0,19050140.434385937,0.0,0.0,6477054.819410766,0.0,0.0
VIC,2012-2013,417039203.1507921,9397543.11926,789620.1937878013,7217.982046153134,766.359,11.183743591270094,1523.2222284849422,24.919,0.5504444623263819,2025.22080207726,181.40800000000002,2.4097704646159968,8517.30145308502,5636.93,118.55327778547486,4138.02281379486,1357.1090000000002,60.044946276638186,3400.33295618192,3350.159,58.548411649374366,21762.5518802234,13063.02,330.24159114089946,13503779.933365902,0.0,0.0,18363070.89844848,0.0,0.0,5595073.42457897,0.0,0.0
VIC,2013-2014,427143732.5658126,9892640.80751,731942.2215350827,12267.594156230094,584.23,15.714934272210265,1702.406209337087,22.07791,1.4129766594400976,299.294141433045,167.6645,3.3264784939356145,10021.430895646636,5357.03,100.34863692536102,4706.545563036358,1266.0400000000002,7.002365971009773,3310.03285686026,2688.305,48.5126693756088,37365.91195719453,10853.220000000001,306.3034362434441,13359445.036490176,0.0,0.0,18693738.098400883,0.0,0.0,5277096.497446054,0.0,0.0
VIC,2014-2015,423623152.5981854,10236473.473555,1173435.3440632739,2745.3168457349434,622.2853,19.256373518095188,1293.5043091306438,21.186235,1.571823325877097,299.02698341750283,40.47436,4.147104227100816,5764.818035522558,5245.231,183.74951730184415,4236.159771004138,985.8217,7.857968935709703,2256.7782663379944,2854.9491,1129.2651456719389,17188.80446162026,10489.29,370.29060220837664,13298980.309560705,0.0,0.0,23426295.33622407,0.0,0.0,5072915.369200434,0.0,0.0
VIC,2015-2016,377927178.40993506,9769748.289346,1057691.9080952553,2692.568126795093,748.25,25.017163900851486,1568.822946361234,25.8480164,1.6884045364523144,303.9450272581725,41.7790738,4.759802389189219,4677.383797593458,5038.066,219.22405036658336,3888.3244641619376,836.509,14.517296353382363,2588.743947416351,2819.33021,1130.364539057444,15975.421545674373,9898.6852,367.0278935259372,13533650.456451237,0.0,0.0,23850250.78539176,0.0,0.0,3675770.6029866505,0.0,0.0
VIC,2016-2017,361622544.1889305,11677966.4300508,974681.8035982567,2955.8457481994765,976.6261790000001,19.820034654554966,2141.0588770621625,21.915017900000002,1.2767271567975251,479.56946645338354,36.7204179,4.080456923789992,5176.435054394956,4511.078729999999,130.88573335487845,4391.600155724793,747.104179,6.813194274957107,2912.0423369920404,2819.44344,217.8493724187614,14899.89055176928,10759.7201,240.74026242051394,13710544.990528237,0.0,0.0,23698367.972607322,0.0,0.0,3500887.9189855703,0.0,0.0
VIC,2017-2018,344228751.4801321,10577064.4897375,1546467.3041265015,3298.781501987377,728.788581,20.52377226090566,1182.9778024407915,21.2502481,1.3738611644371967,512.6574205913382,55.0403481,4.2253705015345915,5962.862576001524,4046.11272,118.73020324520574,4036.1209169231665,897.8379809999999,6.968061438719676,2890.84735829404,2860.17432,39.27890479534771,11795.65324226857,10660.8808,230.99915297782303,20558718.88699466,0.0,0.0,18855572.833126493,0.0,0.0,2958128.481862513,0.0,0.0
VIC,2018-2019,305011232.60380214,10756184.30637945,1755439.1032167298,3331.5014004198592,1015.796154,19.151050875431963,1085.4273540097868,22.417345400000002,1.0882720772422092,493.585071386922,53.6375354,3.9278541056515475,5689.468544435473,4113.1082799999995,169.06659956862595,3900.3525573217357,284.744754,8.342055374220916,2708.1672818924403,3043.847992,136.5585001217988,11388.51569892905,11131.64302,489.79912327450376,20004612.0892594,0.0,0.0,18114713.10910976,0.0,0.0,3110815.3349796203,0.0,0.0
VIC,2019-2020,269894060.5940147,13066591.008256953,845188.1092099958,4128.776658514168,682.248743,16.551093189719,1185.5821793337961,26.5035538,0.7895060477211333,406.7947962605092,66.6693143,3.3691400834931113,7236.967596967395,3025.49744,114.07442385898779,4280.0527650531,313.792735,8.401394257113337,2315.738076441257,3240.09813,251.67225199090203,12080.991328179143,12777.8793,318.6479620208568,10573281.20081535,0.0,0.0,17119296.098277558,0.0,0.0,2659978.164992431,0.0,0.0
VIC,2020-2021,282231584.30504936,12762683.96971422,927043.7603302826,3876.731268376183,3359.806676,19.979735610337926,1091.5015859199202,28.3959276,0.8218070355794087,441.0150078066763,63.2339176,4.115775596852872,7587.667370586155,4151.626029999999,143.72677701049918,4918.808808463345,294.68003,11.606407584940882,2334.434430121795,3927.79598,470.9076516371468,13558.248414500646,13946.804900000001,285.37893944599665,10066671.764598232,0.0,0.0,20745486.186428323,0.0,0.0,2740264.0755042476,0.0,0.0
VIC,2021-2022,272454709.01253814,11562441.39132197,760510.5128806893,3237.8522213657398,740.307081,18.3995171546,1124.87261077202,30.9599781,0.717013013392,232.24285796122,77.2560081,3.9566280175,5742.44953298518,3253.71816,124.57521006799999,4312.37687134469,273.83741000000003,11.187140210099999,1904.04155170746,3627.795796,417.0649823552,12506.974171484,13308.4589,295.32174444,10878122.877328811,0.0,0.0,20291510.825992946,0.0,0.0,2876714.7509672265,0.0,0.0
VIC,2022-2023,260235854.0564676,12427822.616695,743047.5491443613,3690.163499635957,865.3616400000001,244.06928297299999,902.1654351004745,30.3651211,1.81792616591,229.7113729063529,71.50438109999999,3.4122107403,6558.625137071919,3522.10496,115.019734938,3827.815296423058,442.14561,10.4764713454,2002.7631029334643,4095.7103100000004,459.249878758,12244.434988846167,16143.4546,2490.3118698499998,10014995.230315443,0.0,0.0,19274376.726417046,0.0,0.0,2606969.6423641173,0.0,0.0
VIC,2023-2024,262266728.68056712,9976906.570916716,489878.4140311199,3605.54844694287,642.689751,160.132682396,884.29060322114,27.2341713,1.00144408122,228.87831858263002,58.9139588,3.84389576921,6627.0548200187695,3017.30792,150.729125915,3921.25719476029,228.56944,8.9170681316,2086.65845167544,3554.62755,556.9474164527,14675.877685196001,23493.5272,2135.536651695,10430102.978104519,0.0,0.0,18432716.400628787,0.0,0.0,2818205.83874461,0.0,0.0
VIC,2024-2025,246976604.79360408,10336298.45693987,443394.3323659407,3776.71010650365,680.726129,21.203631727999998,758.019566897112,26.8865929,2.05986318612,193.64966195546,65.7476129,4.2121459466,5143.73571191632,2591.06888,158.653327527,3598.5752739873597,220.92567400000001,18.314060485699997,1830.3021613615501,2844.58217,386.35858763199997,17565.033892698,17846.5224,2054.46762713,10240650.66760974,0.0,0.0,17681123.38524191,0.0,0.0,2697691.5258394433,0.0,0.0
WA,1998-1999,192151616.83773533,4807421.33329,100315.7378,8302.7720355,512.75268,387.0801,929.579237521,36.05748,8.1421,500.49301699999995,263.72528,29.665,727.46866,8.91807,0.0,530.67709,1518.16551,253.12,258.03524,2.29264,5.2,33.699999999999996,0.0,0.0,1710114.5720000002,42792.782,0.0,34823564.232999995,0.0,0.0,0.0,0.0,0.0
WA,1999-2000,553394161.0064803,36956422.8134,620665.818483937,71888.39160336,779.689,33883.711000595,2142.58890776,30.63943,44.40282005,1663.5382241940001,247.42227,235.79976,28908.001849999997,109.58000000000001,1.564e-05,29101.83047624,1298.6217,952.780035577,12900.222786,360.77070000000003,17.100000520000002,2871.5333293,234.0,914.00000655,4627519.892,43234.43,229.2,137000670.589,0.0,0.0,0.0,0.0,0.0
WA,2000-2001,627375093.975247,13468364.596137,412280.912385953,68178.483909,5437.9169999999995,43980.542350595,2274.377392,11.693137,38.906500005,1473.717075,612.87,43.597600134,19427.420100000003,114.66900000000001,5912.73000164,10188.551749,1556.0667,22241.840800577,12871.73265,46.5007,187.01000052,2016.027,687.05,214.87125655,4040595.8353,34352.0,198.23999999999998,145517700.5055,0.0,0.0,0.0,0.0,0.0
WA,2001-2002,833065007.5037842,4149864.709573612,785269.646510259,57673.780890248,1649.30156134,1988.416978,2439.294433473,11.087056508,38.04261536,1695.36391111,346.947033117,381.262935,259489.08336139,795.12372,43376.9573,81773.07243044999,1546.361932591,33098.180336,79393.6107991,1749.67418391,4884.8839530000005,26626.789506645,3874.14909828,5872.707,64446944.82414971,149031.18,4473.9896936000005,208464445.56452045,0.0,0.0,0.0,0.0,0.0
WA,2002-2003,804096196.8905847,6497788.492251989,1742002.5016434866,70166.73610731059,1516.4195603400528,1485.425176190027,2371.030493457842,47.75779692778678,25.738543265781058,1194.7696437666032,220.77849893534926,792.67292619151,128697.21495759147,966.4234998475164,100875.43205000096,94872.6178410586,771.7894040326049,63202.36827081159,128511.29134132968,2380.4895431002305,13670.035806032629,33489.60520011973,3445.7999989777804,5561.918986249556,59604054.78990996,184682.8,11052.951772175476,208161708.13343936,0.0,0.0,0.0,0.0,0.0
WA,2003-2004,838136901.4673202,6114333.343172509,1014931.977917178,44415.93229152164,2408.6501694738645,1528.4363132776691,2575.856533650869,33.21163167460821,595.878793456173,1760.6277293314254,265.09683562368156,1237.455838337639,233170.0520319785,18348.398393292427,25288.616306714917,300743.3691360358,1742.320534132239,257316.30183487557,107763.44432863583,7550.933385373333,144001.58295863276,39045.4032498292,3279.915002052337,12011.57078225485,52146358.606696434,193938.52799049378,15010.180998384953,207032659.03421128,0.0,0.0,0.0,0.0,0.0
WA,2004-2005,732147124.8208972,6769664.082385831,1412222.6220433505,26805.05956647757,5923.92711748898,13875.638222891635,10348.383172411508,28.400262604577467,14.655253708468683,1091.9740728280035,506.8512580636777,1430.1671872594516,236113.28992944927,15127.383731399357,215424.5918394325,100891.7492257106,3477.6758292455197,50922.12480551821,71608.14651117292,3685.5588100892305,3091.913453150997,54137.0528610628,8343.522753862697,19289.229395776172,47105596.83066191,205443.16796627044,14204.59917640686,182189419.08563134,0.0,0.0,0.0,0.0,0.0
WA,2005-2006,752172215.817532,7408812.760359599,874487.7522437416,47815.395138518616,4757.085394276898,12127.219574009563,10024.729767105911,15.437358783960866,83.42610359753175,972.3663258909318,538.095213643085,203.051049637076,213021.72807650658,19371.487512457996,44597.46377499826,240621.68950416913,2317.3892602120013,45803.31822604708,77953.86243712284,4003.0727290010573,16939.92550445684,64469.2409601582,10337.965478678298,7435.048242112445,36238516.13199288,643154.9227666855,10518.340334415436,178752960.79831102,0.0,0.0,0.0,0.0,0.0
WA,2006-2007,745099562.237557,5888482.395998763,1304486.5360492726,31644.001371135,6933.5901344472395,9754.472648907058,8840.6687616032,18.516385710063958,102.52049754086039,1952.0523917543,978.1230725904455,115.70767511479754,364280.3627732265,8550.95170524324,5614.418551789634,313874.0227520166,1197.216576135095,30831.31554733221,61553.2683575998,12992.747638264429,3508.1855457013335,113829.36417128041,13932.979487131493,10089.28603208028,27133145.398507364,207065.54330608997,14281.749338800266,233974968.5889648,0.0,0.0,0.0,0.0,0.0
WA,2007-2008,778985718.9108137,5910533.28466991,1821740.4641006645,34402.22868718898,7192.0344200147065,1850.4973733628,8202.715860981853,40.745408835294114,60.2046808856,2258.755584978758,620.5620154529412,192.19504178204693,329132.13943356054,6416.86384,12821.52716154716,144494.43522346506,1899.9258096176472,39606.70708954154,56221.705317378066,7897.412881441176,11087.529222697,94488.36625884281,31518.209779,8949.816044293,29183711.761133168,0.0,0.0,220654790.04044595,0.0,0.0,9929892.992034199,0.0,0.0
WA,2008-2009,750226349.9844637,7953950.468525783,1625273.56084501,30741.56470036444,4758.8307672870005,782.455025443,9491.872833025915,36.770291779,36.9845627346712,2037.1361415018025,502.074213033,86.998205539748,203078.558131716,7885.595139569999,14589.727646160603,131780.41812721523,1191.92028377,1953.682112763498,47001.4828939485,5078.95485247,8663.535327799436,85869.86609438005,30072.035401,4532.23823226,32564714.636833493,0.0,0.0,185603604.78180096,0.0,0.0,7587186.404009033,0.0,0.0
WA,2009-2010,752235515.1921835,7281585.299265573,1718582.083687123,24313.87530397616,9235.2713608,1092.6092454930704,7271.503225361892,33.634610693,62.266434620401654,1626.01424119366,434.45200023999996,106.49115874433261,167037.71781053787,7194.10677466,8896.764545670972,80161.6380249054,1140.7019774999999,2191.7981624494023,39899.341822121576,4144.0535931,4522.057969464453,57510.2011957517,13735.75402146,3640.7259881868918,34188288.55555664,0.0,0.0,186408733.57352224,0.0,0.0,4566213.288235074,0.0,0.0
WA,2010-2011,782396554.3471147,7242546.807289209,1979867.8148355514,29746.21178116112,6077.526471,1026.2738317063652,7264.26090815904,28.760948499999998,94.57387807777967,1783.3881172588672,592.4665259,144.5957290550256,234502.16214589152,11306.137173000001,6092.440844228239,223694.97243119866,1366.4567808,2378.209560816216,58143.20134642064,21597.901615900002,2051.7268430071704,56269.38834457915,16023.060151,3585.5939514029574,33184550.494143955,0.0,0.0,215902812.1881598,0.0,0.0,4827051.178645252,0.0,0.0
WA,2011-2012,840073954.2067152,7114003.408072333,1861093.3243232772,23786.190955074188,3840.41906315,1143.1570347989586,6170.0079613836215,41.2096616798,68.14199432714132,2099.6700340956454,625.69793957,136.10022768743525,249520.86208231148,7415.362327,10743.895182137414,300325.7212285638,2548.4436378,2256.8335224469024,76999.40669350508,5367.4934488,5805.75854605078,85148.1674615664,14908.002711,5486.943088684905,36038136.36798135,0.0,0.0,276448455.3871261,0.0,0.0,5586465.465897524,0.0,0.0
WA,2012-2013,886399655.445092,6614257.150371261,1922565.5271944692,27433.080063459936,4487.992580367,5508.130933422607,6401.124280937571,19.84305726,81.66745427163342,1833.76298979037,841.166039802,127.62513314144628,263822.05133271415,8496.0172396,22725.863291189133,365197.06624072837,1842.3390010379999,116007.99975911873,80403.65540814056,3372.4023594259997,2193.297251389807,86867.04327228216,18596.402753295,7138.022633419534,40015703.909420066,0.0,0.0,295698411.10207593,0.0,0.0,5918825.728767628,0.0,0.0
WA,2013-2014,933414062.0964954,7395188.398546839,2537729.5767927896,31199.147407717366,5715.6030186,1124.193911341895,5298.921030235136,25.076896026,3.5641626955037617,1734.3272356842517,623.4382728,221.5547957142174,255455.17858291534,9873.063172,6153.432575952399,252042.67417286747,1900.77506705,22829.222439691544,64403.52271499007,4372.7865492,1637.2766520343387,89754.88972405421,24150.38242563,3490.6108359965965,39679423.64397341,0.0,0.0,338161357.12932366,0.0,0.0,5994843.165506804,0.0,0.0
WA,2014-2015,988757386.11381,7571281.697494464,2351763.8246313105,27805.371514521627,3199.649727356968,859.8734848546479,5922.104619261763,13.12556059718842,3.84184208781416,1857.0588129297576,586.8907232953968,57.847221763070095,259270.94855897184,6120.2354822409525,4478.548245052645,255196.98287732794,1755.26927478854,2136.360409324323,79474.33485874205,2809.1863900306043,884.2207091239071,78392.62491465265,14513.687623089942,2541.2678632861016,42603492.007664524,0.0,0.0,395504214.9977117,0.0,0.0,6226842.174292688,0.0,0.0
WA,2015-2016,915362528.7130378,8342071.226421734,2265391.8613708057,27582.790187294846,5898.42469712946,839.8399830573486,3826.9013904122644,13.119297272445129,6.7993016110699065,2380.6384872859016,347.72757570933,82.48479294979195,265778.3935635332,6106.931420435714,6588.469833601982,250333.99398400012,1754.1449274621243,4314.7723480437235,80279.5896216321,2752.7190570584353,5266.787670253654,78564.83689239717,20155.926134658977,5168.751878089321,45872676.472551465,0.0,0.0,433034518.50487685,0.0,0.0,7244579.129426518,0.0,0.0
WA,2016-2017,901646113.3138976,9479646.692809034,2455516.0633821455,22121.425601654715,4874.400225230972,993.3835538796856,3111.321324725136,17.69406768642143,8.321172461614738,1431.3594690684063,294.29766859837946,109.41731735599534,293317.7176150736,4634.257632851071,13556.165604141508,259380.3479668946,2108.27070197716,4313.506736184889,84764.85054538472,5654.666541571225,5837.242955001475,72747.48133920199,26942.75723545494,3780.982835594361,56673419.40873904,0.0,0.0,419321358.0923159,0.0,0.0,7222506.232762085,0.0,0.0
WA,2017-2018,903445522.5711209,10557949.073032195,2391294.4500002875,23663.40237073255,5249.5580832404585,1013.5148628795667,3038.236695382139,12.2444872057,66.9408796839858,1352.965971020961,221.60910610647917,69.17462695453445,314889.35840234463,2887.1339948586665,23038.419939157968,267999.53991147847,1143.814409649234,4844.036626163206,81901.84073667233,2016.1734790014532,5557.617755355606,84732.03025081108,13808.48434902071,3467.8526712834678,70251251.54128642,0.0,0.0,388167263.7157193,0.0,0.0,7383581.807212212,0.0,0.0
WA,2018-2019,976029499.1045797,9427331.380602518,2184162.7225858695,24390.999896842655,4841.152517631923,1146.5495110009626,3151.9084779907603,12.94664670675,114.35764263150463,1322.0397481959478,258.1019517901154,86.47446060662641,365306.0706010209,2754.135683738782,24933.540110592927,310693.37786396395,6456.490117119338,5541.4097944029,105764.87539027758,4435.252889878846,6414.234640511157,102354.9378229555,24972.040135018335,4445.0067627996805,67188582.8537059,0.0,0.0,445223284.47908425,0.0,0.0,8046605.05751986,0.0,0.0
WA,2019-2020,1017802725.6007271,8846370.734617371,2505665.3790188725,24403.01521471163,5832.1796494936725,765.1990224933081,2253.0379666607364,15.826723727120791,11.085905755349623,1370.163474484141,429.4124879888888,66.58968082750577,384073.0606250042,2663.11073599,15826.788862351601,271577.85468017723,1021.4205313782762,4999.400781720276,107977.26007289294,5677.109934998443,5778.266524210121,99719.87222927855,29634.882770095453,2229.1708464496865,60263517.084322624,0.0,0.0,484972318.8192929,0.0,0.0,8372645.353164576,0.0,0.0
WA,2020-2021,1078183477.1440895,8340505.925788289,2224960.5346130882,33959.82383812357,6149.805133951484,1288.7413024699295,2698.0249015614436,17.139929441858715,16.35472482660684,1529.4328118711487,447.2626716471725,87.08469485580031,384746.8813342394,3419.753491360292,22393.760252796965,299681.8024268359,1060.4516125268008,5658.922109493778,109229.21484798357,7065.803980726368,6271.65620407743,130481.04959080505,31924.83830457809,3796.642257027607,50336940.455203876,0.0,0.0,583827956.5054445,0.0,0.0,8379655.217181461,0.0,0.0
WA,2021-2022,1073537412.1186643,8797439.449327225,2898926.842885138,34601.55414192316,3265.3037910489725,1216.4651371947136,2691.658139528166,19.158055227932476,29.663953624490986,1560.476321997679,234.56744660467245,98.53063993318817,365833.3801349942,3324.931095363654,109482.31376484476,348071.6148339544,1719.320911787951,7413.336450517834,104874.3859425574,7741.54670578044,6355.911277368477,132885.57259863525,25336.22053690762,13353.247988854704,48771961.61182541,0.0,0.0,582821891.973884,0.0,0.0,9758273.324935531,0.0,0.0
WA,2022-2023,1042866307.3622727,8319638.242214877,2689858.347596025,60341.42871783296,4553.463027785,974.569222806443,2875.0458408351165,35.4562157739516,29.35680051201158,1691.266635849268,236.94200532500003,270.76233956329935,358057.8956848043,2920.75346425,280017.30332266353,346253.0914179072,1311.27844,4882.799727492725,102565.33523610113,4492.2491876,5631.31346765274,147830.09741530442,22766.9598879,3503.823556159112,44038164.98153487,0.0,0.0,564021799.120402,0.0,0.0,8527479.572051005,0.0,0.0
WA,2023-2024,1086660513.4050167,8459186.256464843,2862540.0066311457,111143.62360513431,5214.913262399,3507.824671985,2469.1927993171907,26.0319842849,16.7823683164,1697.3803713826494,238.36798143800002,330.571706098,463147.3002615969,3351.564826202,20853.035640539,347714.81390582223,1021.951364985,6642.578060360999,160213.21925226206,3486.35608715,10350.004095591401,150761.6549345524,20415.687721667,5649.665982415,42845526.28217458,0.0,0.0,619220626.5343469,0.0,0.0,8561658.576437408,0.0,0.0
WA,2024-2025,1090685195.381094,9915203.257250441,2466388.7019840367,123697.51558726364,6142.521858016001,506.3758308376,2321.5910107505083,45.062960992,6.776613727506418,1565.892979015517,307.86809049100003,237.46098516603882,428500.5956039872,2740.1718293989998,27258.1056440143,325662.79610094224,1074.220046971,4939.057356161,123210.387837002,2085.607027726,7419.7697146862,154267.3172149551,21564.839431,2709.2794965430003,40681294.7690124,0.0,0.0,639565137.9968752,0.0,0.0,8284247.704020485,0.0,0.0
