state,year_label,ewaste_proxy_tonnes,hazardous_recycling_tonnes,hazardous_disposal_tonnes,total_air_emission_kg,total_water_emission_kg,total_land_emission_kg,lead_air_kg,lead_water_kg,lead_land_kg,mercury_air_kg,mercury_water_kg,mercury_land_kg,cadmium_air_kg,cadmium_water_kg,cadmium_land_kg,nickel_air_kg,nickel_water_kg,nickel_land_kg,chromium_air_kg,chromium_water_kg,chromium_land_kg,copper_air_kg,copper_water_kg,copper_land_kg,zinc_air_kg,zinc_water_kg,zinc_land_kg,tvoc_air_kg,tvoc_water_kg,tvoc_land_kg,pm10_air_kg,pm10_water_kg,pm10_land_kg,pm25_air_kg,pm25_water_kg,pm25_land_kg
ACT,2006-2007,62582.60069803492,33335.99827038589,22909.59851028486,1775291.6734682675,800357.3900002956,57.75000071525574,49.24549834057688,0.7,0.0,5.25690005836077,0.3,0.0,5.564000038430095,0.2,0.0,9.022999910637736,30.7,0.0,9.762500008568168,6.8,0.0,2.271900048479438,44.4,0.0,0.3100000023841858,23.9,0.0,71306.62287902832,0.0,0.0,312611.2920074463,0.0,0.0,0.0,0.0,0.0
ACT,2007-2008,61525.5049308527,33903.85334679726,21176.122253913578,442253.8902272703,774425.35,61.0,18.994191188600002,0.6,0.0,4.99460689629,0.3,0.0,2.2434953971000002,0.2,0.0,0.8018777743,34.6,0.0,0.64814750135,6.8,0.0,6.7463998028,22.0,0.0,4.2659933445,31.5,0.0,95122.19594089,0.0,0.0,11470.008818,0.0,0.0,3562.269568,0.0,0.0
ACT,2008-2009,174585.40583029413,34746.01756463758,133264.1715354309,366057.03928980074,877918.11,261.34000000000003,22.5963250276,0.3,0.0,3.15112454209,0.1,0.0,3.6922693391,0.1,0.0,0.9349203943,25.0,0.0,0.54024299435,2.8,0.0,13.0741078248,19.4,0.0,5.5391494645,14.0,0.0,76583.815043,0.0,0.0,15778.616919999999,0.0,0.0,5113.28392,0.0,0.0
ACT,2009-2010,64844.522107323064,35252.9780914578,22889.767365095777,355105.4329293089,628213.37,68.96,6.468603788495,0.2,0.0,3.6907313372955,0.1,0.0,1.9371896490450002,0.1,0.0,8.790605464985,14.0,0.0,6.6374305195825,2.4,0.0,6.85883569506,21.0,0.0,6.710704708275,31.0,0.0,45590.696770625465,0.0,0.0,7901.668954,0.0,0.0,5391.147244,0.0,0.0
ACT,2010-2011,71821.58220735259,35948.16743857149,29041.033074230512,594141.0681396296,724672.22,37.06,11.635123219574,0.3,0.0,6.215085983316101,0.1,0.0,4.042799360239,0.1,0.0,1.2293063421869999,10.6,0.0,2.5445722938714996,2.7,0.0,9.033172614251999,13.0,0.0,6.4191384585049995,29.0,0.0,25236.32170965488,0.0,0.0,23550.42990304,0.0,0.0,11731.03826444,0.0,0.0
ACT,2011-2012,94850.81549912284,36665.53911063785,51222.439469532444,1138532.7677659094,629267.24,242.09858961796448,32.093322555849,1.6,0.0152684552971698,7.411064787587294,0.2,0.000145413859973046,2.2805342617795,0.06,0.00339299006603774,7.5168265916175,34.0,0.0412005936590297,3.84164075010575,3.1,0.01454138599730458,9.961636903181999,18.7,0.0130872473975741,9.0335796198005,65.5,0.164802374636119,46377.325602100034,0.0,0.0,28174.43034711417,0.0,0.0,6209.26156797846,0.0,0.0
ACT,2012-2013,103495.73210353093,37482.49053037078,58897.04579221683,322907.3445380255,570118.5,248.6788342548813,53.483940653678005,1.3,0.016317256,3.9093054390367,0.1,0.000155402,6.816634073433,0.2,0.003626057,2.332883916389,16.0,0.044030691,3.2194008546605,2.6,0.015540244000000002,33.736378047444,7.9,0.01398622,8.922222103735,26.4,0.176122765,24322.56328131129,0.0,0.0,30502.91928406,0.0,0.0,7329.75845384,0.0,0.0
ACT,2013-2014,109047.90114752272,40852.648693646595,61548.25530246995,370537.55934085423,583317.76,245.7640380773628,45.224480630545,3.8,0.01560487,5.2267382086405005,0.2,0.000148618,4.560511261595,0.3,0.003467749,2.746840421135,12.6,0.042108379,4.2716252422575,3.1,0.014861781,24.80152364646,9.4,0.013375603,9.055711714525,106.0,0.168433517,19360.68021606285,0.0,0.0,38144.68726514063,0.0,0.0,9121.64033222656,0.0,0.0
ACT,2014-2015,116497.23211145187,46750.27367304009,62538.24665574673,575508.5568632637,860781.795,1028.823499975232,33.72550505872383,7.2,0.02201684,4.011831123672168,0.02,0.000209684,4.137391427425196,0.3,0.004892631,3.168003258022852,6.6,0.059410522,2.724399617188379,3.3,0.02096842,26.59680784117578,16.5,0.018871578,9.375159262282613,280.0,0.237642087,30591.53662365292,0.0,0.0,59931.700610861815,0.0,0.0,8918.20776787302,0.0,0.0
ACT,2015-2016,478472.45216703805,40204.340234966476,430963.16440320725,340096.27526674175,761678.335,949.014854809617,22.12330128830278,1.0,0.024671872,3.230657747628239,0.02,0.00023497,2.2319916006508356,0.1,0.005482638,2.1285284224281784,6.8,0.066574892,2.9423480562782762,3.4,0.02349702,5.871910230375289,13.5,0.021147319,8.682056154605913,60.8,0.266299568,18768.069874624816,0.0,0.0,38808.062919559015,0.0,0.0,6573.787476598754,0.0,0.0
ACT,2016-2017,1323966.2633725754,46162.54835766487,1270910.91356083,454792.60728427663,841606.0,1007.5244490324039,12.732432970143554,4.0,0.028232674,2.3820067174194253,0.3,0.000268883,1.8975640989135736,0.2,0.006273927,2.0638812307006833,6.7,0.076183405,2.505480865423584,3.4,0.026888259999999997,2.794944815966797,6.7,0.024199434,8.577637538879397,23.5,0.30473362,34119.01142234729,0.0,0.0,84361.73136202028,0.0,0.0,7065.1103235713135,0.0,0.0
ACT,2017-2018,654030.3672717273,44234.82080149221,586887.683245554,570834.5398367963,1034949.9,1275.5651335201449,22.89071581712839,307.4,0.031922304,3.6719578985495414,153.7,0.000304022,2.3976250741930962,0.0,0.007093845,26.23353706188841,12.3,0.08613955,34.48522748715696,0.3,0.030402194,27.06478638869705,9.2,0.027361975,36.96954840065794,18.4,0.344558198,62787.664141305926,0.0,0.0,99558.34033045376,0.0,0.0,7228.752337012785,0.0,0.0
ACT,2018-2019,362626.848,42901.37384691344,302556.50463275233,638018.5982352203,784379.3,447.56716492029,3.970812934202059,0.9,0.031163352,1.5761899204753715,0.2,0.000296794,0.7917015705061329,0.0,0.006925189,66.26501653186942,12.1,0.084091586,87.38144114196268,0.3,0.029679383000000004,40.78027254164213,9.1,0.026711445,77.30270382260574,18.1,0.336366344,41511.353359442335,0.0,0.0,158248.04690566423,0.0,0.0,6590.070042831093,0.0,0.0
ACT,2019-2020,288080.6238,71715.17772890064,198341.70180246982,584901.2872008971,867515.72,584.314774310174,10.086870760096875,288.6,0.041574862,5.388433418941406,1.4,0.000395951,1.4622099412109375,0.0,0.009238858,2.424651946679688,11.5,0.112186135,3.0386406604492198,0.28,0.039595106000000005,6.41046818984375,8.7,0.035635596,9.520816407226565,17.3,0.448744539,37830.422724350894,0.0,0.0,162770.25486463966,0.0,0.0,5571.670255659781,0.0,0.0
ACT,2020-2021,201059.8099841039,48855.53233710492,134503.86601087768,1179043.4875542948,1027569.4035626145,639.5154484571591,5.815891979625,372.2,0.8457063,4.728297306,2.0,0.000635298,1.7076414,1.1914,0.010256999999999999,63.5175536,212.9,0.13153399999999998,86.9980384,36.3657,0.0475298,42.668588,357.2347,0.0565768,97.732744,204.8,0.493338,27654.58544892981,0.0,0.0,243489.167352,0.0,0.0,6012.376545,0.0,0.0
NSW,2006-2007,6733478.844686969,2183920.3458252577,4191716.0273254896,1251623471.5958555,35501176.971878,384366.7492,15361.4788947,637.2575,31.9721,1362.0465938,61.679190000000006,0.2424,676.3534452,6.31014,6.2143,7649.1403078,494.7594,7.809200000000001,10117.471237599999,1938.4118,8706.8974,50589.958605894,29222.9248,94.75880000000001,75173.6642902,50256.614400000006,52.646699999999996,12313304.75141,175827.7,462.5,82755175.9524,0.0,0.0,0.0,0.0,0.0
NSW,2007-2008,6702783.59221677,2171997.820388506,4189220.769887914,1278062848.0356627,40693618.457566,305964.16535749997,12420.035697480636,784.47557,318.11014,1271.960637682551,103.746697,18.468719,706.267915544446,8.19727,2.3171995,7919.430246846918,381.72191,640.04904,11029.371684919051,491.93656999999996,14171.708455,41953.78914189533,25435.9134,17062.46072,94087.46463010457,44601.5532,44.059208999999996,11638640.121378684,0.0,0.0,94158675.04026356,0.0,0.0,5021369.37781666,0.0,0.0
NSW,2008-2009,7091281.016168518,2363346.706430415,4333901.550649122,1028485505.9257222,38015673.29702659,318902.7647657861,11330.821656471639,315.87814653,79.24680239599999,628.672666808911,94.188006229,5.212420860000001,385.226106439247,9.5572300518,2.8059895289,7785.783226664927,83905.7100736,99.434445596,11024.024060703947,256.05630225,25961.36445996,38911.1808304823,23944.61298884,6588.857236336,41766.1535893312,400497.1743327,182.973236336,11936965.45522708,0.0,0.0,85605588.24300748,0.0,0.0,6662165.425338776,0.0,0.0
NSW,2009-2010,7713204.016940698,2794044.554174231,4455755.55030819,891570897.9600347,39527750.28199863,224237.150856686,10172.036723582321,33.0722082465,142.246748834,647.6479913534124,25.398830828999998,0.5192952421,1074.573204993232,3.0205300518000002,3.8477557085,7191.0193216944,44085.2206194936,62.766524034,9170.26013491696,182.05311625000002,32354.5804181402,40232.1794940033,25012.86202284,5668.289147728299,44574.629612384204,303220.3145617,1983.9356133283002,12605899.605593147,0.0,0.0,85864799.9760153,0.0,0.0,5333926.06479328,0.0,0.0
NSW,2010-2011,6758265.144043486,2255394.3483134294,4128429.7532516643,851667135.1003118,38252337.49984787,669561.5516128929,25362.844906950093,145.949007188,207.2248375031424,744.8033204736721,35.7374623276,2.69303781665088,793.522808018659,34.7843225386,8.5621757939872,7701.960922134247,1624.480702885,184.924025285416,10500.300454567123,747.076931245,38033.76141365109,88681.21903471781,24904.915533581,5418.385009452379,82251.937323124,482313.09548235,118.57955767846398,11163515.411903538,0.0,0.0,107674947.9594433,0.0,0.0,5401738.9250130225,0.0,0.0
NSW,2011-2012,7674583.791150315,2674925.803058177,4555741.939823765,825940708.2753527,40632884.45251254,1005281.6828915891,43388.83274263799,210.77363063925,207.03575532476634,564.3511825472096,24.7487415845875,2.6797295523931024,704.6737425449877,4.174794965,9.466854477059186,9402.719419467448,61722.815354305996,189.0041218837187,12655.671929248096,338.174860674,28742.13702085725,75858.22395293675,28419.242080415,5720.729221934228,140684.23408327164,418307.97431752895,97.35573106951625,10121258.57213845,0.0,0.0,134208489.42049444,0.0,0.0,5708933.468738414,0.0,0.0
NSW,2012-2013,10172089.695186773,2903800.969906724,6859292.415789321,786603233.3431771,36261301.95898162,971964.8743971663,39540.57006701831,474.636690732,213.3567071917763,493.2825608110047,23.55579715516,3.3068396103573936,772.7382779791938,10.692252081,5.4638178535058435,9601.300348091112,1078.552666402,140.85790533042808,13686.940981078105,1701.2081648859998,23398.98659559474,65846.19230921847,24069.753359764,3349.5112328076652,131599.3742162081,35708.608365428,34.42439452271236,9273878.470356762,0.0,0.0,140693211.21768433,0.0,0.0,5417593.410716791,0.0,0.0
NSW,2013-2014,10120848.358682036,2261552.6978005557,7609908.487746313,800920507.3903183,37941893.05715433,964598.2620622464,43101.52732734405,111.787333992,130.6653699909906,660.2313194679306,40.930831787289996,1.1173765900951484,975.3544634407152,4.0289205984,6.705600108886797,10237.691434906834,587.160401867,100.50189387862537,15724.661674515568,328.99525633200005,15359.757755038516,49733.51823348271,28803.624775358,3572.0094194425633,148132.6957662625,35450.268752022,109.2318166695015,11345829.860411854,0.0,0.0,140371354.40773943,0.0,0.0,5089384.938706516,0.0,0.0
NSW,2014-2015,7980099.026499503,1610798.82083013,6035261.914406832,769659511.331145,40446650.66305097,1119704.1381829013,39390.34044714076,193.392529007,73139.66812549609,674.6415846424748,28.7983573418,25.501361223257952,735.1309316440575,5.1285328970999995,4.191281338018868,8350.025904809694,1282.4358103490001,139.47667588608624,14302.194524895207,132.37972484300002,30834.983250006797,52418.919015787724,37565.630974363,17425.659610168215,131255.50554516626,41061.846391398,144266.67874844235,9709075.443428399,0.0,0.0,135062943.76914257,0.0,0.0,4805941.4322997,0.0,0.0
NSW,2015-2016,10737738.126533944,1954259.4935235889,8385611.040551904,713808380.3948607,38430286.64793516,1254308.2330576337,38690.224434103795,105.135487754,57591.1391611779,651.2288276764327,32.440493302296,8.650065153589578,612.3223989102976,3.2297079099,3.334528711756813,8061.387358682027,953.684237179,143.41871062304702,11525.130768748719,163.502812847,31098.12167890696,49968.00488632392,30872.974048886997,17889.874403604063,115403.97720144226,36469.799426775,94277.25771408918,8424985.08651714,0.0,0.0,116728784.2394104,0.0,0.0,3548184.475661011,0.0,0.0
NSW,2016-2017,10277378.932954121,2198785.9863005974,7829270.585501136,712820445.9796525,40917570.18994865,1699614.455220142,37376.29514186095,59.269607015,67965.01584861055,485.53601706974035,18.50871773084,6.684618136767115,640.0150164946358,2.57633059,3.184010744166038,7160.164507864921,1031.864082216,196.64607194801619,10846.257382586678,109.375911759,19931.66806550071,48098.38805474827,35603.807453044,14478.36219380104,102618.147961779,41341.454507098,116179.03821969107,8358851.691064303,0.0,0.0,115264822.19979154,0.0,0.0,3820513.122693499,0.0,0.0
NSW,2017-2018,15580688.370116808,2589662.6009912197,12564571.146490935,701849047.325628,39458412.94638535,1371147.116121429,43106.395857851654,19.750990083,74882.78707377306,415.61820663348715,17.154859015524,6.2219078968862265,942.911963716343,3.344486292,3.8655641433452828,7608.507967999132,683.86888014,116.73019961776414,11834.379701158125,93.05785377100001,19426.934394488624,70833.96037018254,32616.0513177288,3859.7446965197605,140962.31050312388,37606.3119724894,129518.80207747105,8077660.859382422,0.0,0.0,119361600.43444651,0.0,0.0,3847551.6039136043,0.0,0.0
NSW,2018-2019,17086826.124448545,2504193.1069223564,14044892.269879417,744874047.5760859,42301792.93445573,851821.7648940177,48279.96882088053,33.615172781,68559.4998758,613.5949948881776,37.583400632840004,6.16565851,773.0604984699468,1.081650887,4.15902351,8754.54771857807,744.037888454,116.0628079,13081.58627677122,83.15786540500001,38710.8586301,81538.6193327939,36626.848949592,3815.259825,137695.61719586005,35425.554806355,121766.74294235848,7940807.954964478,0.0,0.0,126870271.13843715,0.0,0.0,4042120.6027490813,0.0,0.0
NSW,2019-2020,14095732.632769406,2483117.105028323,11209449.710082414,698867532.5645477,42831629.920943715,722809.9233281645,40459.85067563155,123.918318728,82094.18854260436,475.79117844256996,9.494758416637499,25.419265428244074,890.290147033434,5.9671847806,80.65225618119136,7839.49321671501,1201.750500134,1808.6937454642048,14440.559048165107,127.254192219,20404.804443739136,89699.64991702796,35625.346286954,2711.3053406915515,129655.81524771062,47820.28249303,139107.7882822091,8704402.877262766,0.0,0.0,129218831.93267053,0.0,0.0,4003611.8351432746,0.0,0.0
NSW,2020-2021,12724801.291323286,2655948.2447492075,9653481.864846295,681711550.1885842,45683686.671493135,702567.2019531796,39897.78027214701,1031.17841459,74989.25988111453,494.66593602753596,22.749188399999998,13.112764468185983,738.7889064823628,7.0525414589999995,0.5072504253396226,8821.157311695993,1259.74702159,128.51422944269544,17678.846940986547,149.95327458999998,48870.825930228595,97627.19590439845,34903.03633884,20750.91882114674,118905.98997734215,38625.126351,153594.16610816077,7470295.168174881,0.0,0.0,123795260.5176417,0.0,0.0,3955589.1595984385,0.0,0.0
NT,2006-2007,183378.01975820056,93460.22650765906,78607.85675354028,62669184.18319199,1003362.4210763666,17326.8218341697,71555.73921073505,35.2484813550663,32.23961714436637,517.4205034961468,2.3205211078096184,0.4439545871161845,751.7878253081182,38.32893425491266,2.0131886370606313,5246.0574034069905,177.25030595727443,59.4818842147196,768.2571247889656,84.80399238054275,50.362592566949814,5257.894713585578,156.66423824373246,76.08865020615029,170246.03937481853,19.860000133514404,148.1934166531987,3938361.426712192,84290.39999961853,65.51999961785972,4776139.0728582125,0.0,0.0,0.0,0.0,0.0
NT,2007-2008,188234.6970510304,95935.47496143228,80689.747448163,75617437.66842994,727608.3686818,67904.57311747826,95686.74555165198,60.720839999999995,186.664207279,142.30084342279997,1.582011,0.602294438,602.4727459220001,36.564440000000005,4.706764435,6180.412250426,262.6120198,1294.136397122,901.733905857,224.36011000000002,56.38985283699999,13330.990441296,215.51402000000002,746.600365653,211672.17369799,166.484341,3112.110061887,2303472.275373234,0.0,0.0,8498235.4476047,0.0,0.0,3825028.3029947,0.0,0.0
NT,2008-2009,193368.5760000443,98552.00168622956,82890.46496897729,78626148.08855626,705653.0287497,53699.018057003996,8108.424222701199,36.0678742,9.349947008000001,541.2570655208799,1.312112,0.32294206000000003,602.4567835732,32.246152,1.374811706,7091.1199153856,266.47989,62.336465,938.5931260492,311.58936,52.787053199999995,9500.9650561576,276.2578095,60.059367800000004,233097.437855244,171.422675,89.74276599999999,1826502.296444474,0.0,0.0,9435754.39911256,0.0,0.0,2877467.90044456,0.0,0.0
NT,2009-2010,197936.75501747246,100880.2144472755,84848.6863648677,81322613.18577123,769072.43969314,27546.94546051687,10724.822654519,62.018907,7.58222118702252,281.21167406219575,0.86440652,0.7471631812954526,587.81976842,26.12420652,0.8984692625605599,7491.287199245,279.78138,116.86070896737823,1125.637043748,133.581937,109.88530586554525,7217.167954007001,254.849208,119.19871271859073,272682.152814676,184.74478299999998,60.01195386851291,2062011.9683640546,0.0,0.0,8623853.79304619,0.0,0.0,749183.33335319,0.0,0.0
NT,2010-2011,200123.08532141952,101994.49698613638,85785.8910504413,79661318.74825495,1201197.57425731,11601.373292146405,5174.17210258429,400.91420636,7.257816367999999,297.5267467341279,1.1313924,0.6038006760000001,242.419556356,10.1396141,0.961321038,7501.250440389999,1148.635999,17.555063440999998,1244.381402169,364.211017,6.325763486,4120.40808594519,484.9282478,8.477211342999999,86112.305004921,1034.990734,63.920305666,1739468.3423381026,0.0,0.0,8335556.97181416,0.0,0.0,968438.68444826,0.0,0.0
NT,2011-2012,202355.34633121415,103083.2304023618,86797.68402976496,78957706.48004964,1071501.91827453,9678.098254449773,22709.594245841003,341.5436929,19.003676969471698,289.8031274606022,0.87086073,1.2759141129711589,315.50174619,5.1344495,2.0794419462603773,14766.711832862999,581.0229081,31.289579193161725,7603.9748323929,378.216143,12.126304420115904,7876.94477408,299.7161628,60.77362495040432,126674.13383155,1046.563169,122.6350993606469,1630555.2391441735,0.0,0.0,9426608.801952211,0.0,0.0,939125.6294503517,0.0,0.0
NT,2012-2013,208118.09971152525,106040.71607580158,89245.04947710337,73522587.63688417,1202183.554870349,5676.996840251166,11394.767996019726,141.7999222,15.187626229480276,349.0434304997927,1.32489935,0.8505226274807646,471.525365616,4.9856537,1.7190454985511723,10229.799172595,576.0371991000001,20.156798253549947,4400.2447003222005,285.337551099,9.389953561076451,7513.1907843341,372.96358299999997,33.63469578026881,161795.41001059985,1209.323962,80.88437895819979,1630408.484733919,0.0,0.0,10545982.434299627,0.0,0.0,763567.5353448263,0.0,0.0
NT,2013-2014,211164.32975451258,118458.36581520623,82968.66505067777,71585006.00788623,1295410.4178050528,12786.732501292227,12447.785534483779,108.862948037,11.610131992857143,202.4887584529841,1.10480553,0.41992483726530616,520.06857545,8.09268732,1.2724521955904762,9104.137669618,1197.117155,16.824685485170065,7210.194115960001,254.03602334299995,7.722290506530612,8370.5124958,1290.661892,34.994489359877555,159081.89598057,2382.3929227,95.67517900068027,2792997.67009684,0.0,0.0,11016834.689817801,0.0,0.0,768189.5400727876,0.0,0.0
NT,2014-2015,195730.90933325523,76432.00031662692,108471.89442724346,47555812.400520004,1017018.776760726,7138.292957331865,59071.51347941034,94.400169316,10.097111764754716,17.13769631156697,0.539913,0.4039027934167116,394.2806679723,2.801761634,0.9547807250566037,4491.0004637413,1371.9627796,11.205538001401617,7042.238170550275,108.4415475,4.601008331671159,7310.30545127406,184.966555,35.04000060750405,154131.50624802228,3256.4454382,58.31606941492491,3734790.740100821,0.0,0.0,9192213.442065164,0.0,0.0,750215.4105860521,0.0,0.0
NT,2015-2016,144027.69090853192,43325.81139528341,92684.16175909282,47839890.54916274,1457044.481768761,10752.780842480572,22110.15137930943,81.34564359299999,11.472616571793745,5.714503451497676,0.474173848,0.4309978412551785,133.64213357646972,1.053728329,1.2422164066208323,1716.0038059913331,342.0843898,11.29722696896725,3564.007749162489,145.92544112,5.186095986517851,2443.5133656352536,96.61228665,41.790819272966075,43664.63670628982,315.201498,54.04995235586899,3519002.957350367,0.0,0.0,11723418.686839325,0.0,0.0,662583.2903413838,0.0,0.0
NT,2016-2017,180786.60900507568,62780.985927019974,108654.5115155857,47109383.9918085,1481285.544077463,5683.028136763637,17562.966291211396,148.4944304049047,22.16811416153163,8.648366336340223,1.3689339138856,1.4531297183003014,89.95804540200001,10.322253375923701,2.1710412136736954,1309.172441116,446.0695450449047,30.173082751752023,3434.9630801793,243.62927914143333,14.715307630030123,2728.2166325,106.9512957449047,48.49057566702711,28807.7656867,980.8451688,106.91259280700808,3152759.7289839955,0.0,0.0,11877438.916961195,0.0,0.0,685768.8078291966,0.0,0.0
NT,2017-2018,169412.2663003148,64200.96205078799,97334.53216969954,48236625.42509127,1061531.9081685273,8102.791951494263,18410.3549690618,118.766514618,42.983706160946504,24.037038131779617,1.872090639,1.4045082906756812,93.47920037000002,8.213881555,4.251226003099223,1334.690383874,279.6964223184,29.23862299477628,3523.362999925,366.579421573,14.408237927568099,1872.80528632,103.221591718,154.6121950108113,28970.64644228,2522.840223,160.84360429910512,2494390.8467136403,0.0,0.0,13885961.182922421,0.0,0.0,695763.9776483832,0.0,0.0
NT,2018-2019,469662.86598000006,334810.77359150205,115134.19384589168,61009319.42601411,938948.3021116134,30263.552853964524,19070.121103734476,65.448554647375,45.76179820566037,11.125128064583414,0.8159099251499999,1.2488659390396224,99.873690691,5.1541191378999995,6.207309847924528,1947.029211985,177.94347464737498,30.791771696226416,4382.367405776,135.9638035805375,14.805243213962267,2293.586333,56.502217047399995,155.07475129056604,32603.46288739,1836.155088,1586.3465845849057,5932861.6024595,0.0,0.0,14855959.608021498,0.0,0.0,836892.3340857935,0.0,0.0
NT,2019-2020,327961.6723050743,161409.84984467246,148093.11215478805,82370866.32585977,1105100.0788185662,19536.70945358051,22912.028228868,43.8279373022,18.347508629550862,12.712869167772755,3.50746751364,1.7211240358528654,124.89622996899999,6.32238742576,1.860842464566858,2219.413369524,408.8593289322,36.42933350831185,6400.757779749,430.55917712254,17.740936285286537,2802.68639642,90.4577582322,21.78166470675788,36384.22337677,301.60986180000003,107.4153306332474,6190495.260496701,0.0,0.0,31400941.430855375,0.0,0.0,723324.3325956019,0.0,0.0
NT,2020-2021,558633.687627478,191935.0768197487,352450.84416080965,84776819.16823085,1356795.496417686,45294.961349669386,21568.057983086,63.543437702309994,24.83487110306352,10.077251368676523,1.128523512772,2.376539966695843,123.052524835,2.836747421848,2.5312438132363377,2068.3227939880003,380.05813500231,61.681718667155536,6229.758001336,246.538343321617,24.247368049584306,2754.747383444,59.21697970231,34.16146520262588,33987.657443114,454.876976,131.13949878862212,7826408.716644458,0.0,0.0,32752956.39172598,0.0,0.0,703073.487212888,0.0,0.0
QLD,2006-2007,8885733.328637611,2724309.2367624654,6022498.495391894,1144928959.519725,4699035.6310327,1736939.681864432,367026.7477,291.697042,747.3031996,1933.585179446,4.0926528,5.070409,6665.1559,56.752621500000004,260.16549960000003,62054.748195,145.7762105,806.1557996,63406.3287,923.0557,2394.6349996,724281.14401,1069.857336,54578.0296996,645097.0613,5254.808,7933.376200000001,21475716.690611,362600.5,3232.0270001999997,202710149.1048448,0.0,0.0,0.0,0.0,0.0
QLD,2007-2008,13915655.465403926,2775464.513966273,10988466.228822434,1159381473.9605155,5351089.1566605605,1645369.0234607183,372414.93766024703,286.8508,331.454440596,1784.4979525556598,126.65138400000001,3.7104360440999997,15597.632659641,43.242682,158.38396486599999,51327.645134854,834.9653,183.306025769,31261.818325202003,1256.3125587549998,2794.137420325,582303.717398633,1032.881787515,522.378528782,709497.3726917651,5272.1556,7336.277195072,19020890.998879824,0.0,0.0,212524591.42890787,0.0,0.0,8098114.538206636,0.0,0.0
QLD,2008-2009,8317252.513272239,2326652.7324935803,5839281.009532256,1154682848.2814207,5579059.522963895,1136279.8359814389,293930.65273379773,925.990411774,206.04082333620002,1197.5651219294014,9.506570205,1.80697570973,12880.969158748996,630.42124477,77.7360423902,50425.689396795926,940.70545324,376.2711602639,30629.16810327126,1230.0856405400002,968.9558774203001,191682.76945710994,7045.94880954,715.7851803734,637827.937835393,219867.67303099998,4047.640676779,20295270.961400386,0.0,0.0,209340411.61408192,0.0,0.0,8706098.586813457,0.0,0.0
QLD,2009-2010,8040319.569220398,2728688.2515988173,5146706.51630166,1041450747.5630012,3520595.158216735,2211885.1377612255,179962.89609441775,181.79651058375998,148.46347285255595,944.6964737107213,4.90442385117216,0.6132823025462474,16293.807447655698,122.7378325818376,37.91601149101244,41589.33201669602,342.9346113768,288.52326619943676,38548.015671727226,324.11821106752,617.5462592786248,110232.7583966998,647.40663228608,200.84332928076228,371282.4031271081,9513.98475575824,2640.709986957747,20852540.620073356,0.0,0.0,207735467.24666542,0.0,0.0,11102854.355297096,0.0,0.0
QLD,2010-2011,8343154.866616831,3321374.456210627,4833969.71533202,1171305501.9110136,4264789.938912135,734399.0908506173,221419.57098673965,206.96357648,219.20375989688793,811.930362499933,8.67382935,1.243175861946552,11747.837043014657,296.304776189,53.69539848075288,62447.67870252807,1513.844668,550.4931387348564,37306.42886442127,394.36721950000003,531.4921876766551,125238.3060224654,1509.82525796,366.1404852601897,425012.5667024667,128005.110541,12347.540078038424,21151046.83460837,0.0,0.0,257242984.17419875,0.0,0.0,10520658.640373135,0.0,0.0
QLD,2011-2012,7096354.560268496,3264937.444208895,3632212.6121140593,1133395683.1664958,3811472.1883252766,1164322.958449965,152684.71295077508,128.86607554,102.28397740794303,679.0495510523621,62.48993665229167,0.7461296507999906,11459.010329738412,25.1881500534,33.53783578359969,51477.83168103669,516.34945926975,347.5622050267421,48211.38002501261,266.937182605,144.553396857269,127228.65812916304,1537.93969434675,265.7490232707417,250364.71554424474,4388.20205339125,2514.5964555226446,17328397.07776418,0.0,0.0,267323357.95736203,0.0,0.0,12918995.08279738,0.0,0.0
QLD,2012-2013,9557758.430057243,4474474.974723529,4865365.035882916,1224449650.8486192,3709577.0792975836,1227808.889952133,155664.65791203082,153.17983171583333,112.33947246140153,729.9001532814833,10.329059129,0.5743975266085859,13275.93798462248,126.58444055416666,7.306335536600337,61018.65132981103,767.8164679639167,385.42491883043266,82878.68659667933,303.44015008083335,104.52512878285859,115287.14675163994,619.9653257683333,165.71293150677272,261502.0825291231,7782.235594805833,697.2046828037306,17369039.764217533,0.0,0.0,325234395.79687965,0.0,0.0,12640843.031255439,0.0,0.0
QLD,2013-2014,12310615.320836581,5075006.852516013,7105693.397267155,1292055497.089154,3607267.989639443,1960462.7114058025,141392.71785197206,71.9804976,119.1049737343526,2263.0404499166025,5.917122673,1.2817782236956436,4241.906324048574,40.887977868,10.033419413618356,101369.7543780465,335.5062414,625.8100696149457,57914.1364927302,213.65141331,138.85693673066436,175853.23966946756,733.5725786,178.51308203924796,272978.9021573908,1444.86009236,2536.934387511959,18134064.51398456,0.0,0.0,359934069.6400154,0.0,0.0,13284450.862210741,0.0,0.0
QLD,2014-2015,10363351.351361234,4585280.733595244,5600506.11962772,1192661391.1302128,6472113.6855131,1418060.971985407,86168.35552840792,258.9826055,204.39051990738113,1966.2376428958967,172.85684695,0.8341240417179155,1929.208372478884,262.15754085000003,87.84659146608469,123307.80652660763,348.61792,455.1913637407427,82919.55561443446,143.64719159999999,97.01190273079156,124631.65160705835,1159.4817425,1530.0710771986123,303778.94563340856,2660.759322,12825.30200993397,17607618.719606213,0.0,0.0,348571579.09499735,0.0,0.0,12886021.436600827,0.0,0.0
QLD,2015-2016,8921535.583931718,3022411.862869002,5750171.387775887,1196078002.2907972,3321507.020439134,1056593.6848230779,64858.58494194651,77.095995239,169.68693334374237,2274.3465242962297,8.803444,1.1058841216070703,2812.218926363362,803.708978217,67.70217116049831,102484.17091714319,395.658745745,556.2578247823366,72574.8771660379,164.884278573,744.733469746707,69916.20766176445,357.992815983,610.9030246776363,209743.402932438,1487.8556668,11995.325801367346,14675805.023693223,0.0,0.0,343637016.1264259,0.0,0.0,12189511.812213121,0.0,0.0
QLD,2016-2017,12240205.721364517,3284803.4468593607,8846780.419960115,1167510000.7295108,3060508.3803771627,1060544.0894480627,70788.50186552502,133.1959169,124.2073705177083,1299.5412917701449,35.015511165,0.9959440554972219,2412.0253231488755,863.24636124,51.455107468601845,41191.44548676466,346.22812745,258.5507612838795,54341.70941945978,158.801927475,668.0968805212223,114623.56309734944,312.847593,2015.38389365475,170829.5595277925,1238.9052818,4647.909585197518,15668136.045373566,0.0,0.0,315281624.802813,0.0,0.0,12970268.697422197,0.0,0.0
QLD,2017-2018,12350690.50596212,3929817.612259955,8205830.881088974,1201835716.8771975,3394292.897733923,1299537.6204615666,63473.57366992132,92.501857,97.68503461909336,1521.339296910074,30.99441213,1.4363066847911856,1405.6651326002802,333.90648492,20.94494825035408,31343.8287925459,242.688389,320.67912007258525,42397.035706797964,119.7541266,168.4700170340889,93723.35666023075,252.224382,533.62347543208,205317.3959382032,1189.999385,1922.845734681341,14695645.255314087,0.0,0.0,274259127.505278,0.0,0.0,12833738.847775904,0.0,0.0
QLD,2018-2019,11617243.662269259,4341046.136177466,7070928.999865581,1303042818.3062656,3190779.901208507,1061920.1859838606,105811.1643697118,278.5156616,213.08312078922816,4271.079741912583,8.284058677240001,1.7859924566259824,2256.6228311922387,22.014643034299997,18.76128099300626,32634.118709354214,11778.204483463,682.1148496193617,54015.658200550344,1423.09903772,529.0747693265982,131116.75141632877,903.68969212,3169.0008479533385,301831.46276209306,1213.8549258642856,2596.719644539447,14978116.111876478,0.0,0.0,297146855.63115513,0.0,0.0,12631170.537283625,0.0,0.0
QLD,2019-2020,8768496.951191667,3964499.090200222,4566247.51086003,1257915277.0550787,3138867.256545755,1100319.7382332238,92321.03139487331,89.10920845,149.22256342896347,1976.0779090794197,9.5594779475,1.4375966335710808,1726.7904831494257,23.527352,9.134317170991885,32725.741777205505,418.510506775,445.0030368014729,45145.50482481625,116.807328075,811.8894490091081,71703.09522744907,927.6725953000001,2480.4820677393973,280586.4174441329,2200.4621153499997,8469.30024800889,14503634.398594292,0.0,0.0,301665866.6299515,0.0,0.0,12301053.602522561,0.0,0.0
QLD,2020-2021,10140603.137753561,4194816.622741851,5717055.567328467,1383754767.8807614,3240965.52845954,957049.497773736,96291.90381734174,78.795948505,180.2966073942697,1903.7731162924294,5.154675570999999,7.909003561340664,1589.4784591576297,37.319109468,97.04428331718215,38833.71342125475,373.747809086,3103.6146293648544,50970.80840688385,94.01930982,10611.611005716066,254576.00882026367,449.17602551,10015.420955464659,323114.8727860278,2120.1397045,10636.805571303417,15545739.130133357,0.0,0.0,343483294.5437243,0.0,0.0,11803253.310463937,0.0,0.0
SA,2006-2007,1114361.059549894,426100.3327687578,587244.4680153633,232488015.7851556,4085474.4002999007,115659.68049888498,62750.0218410412,4979.3,51.572513830000005,173.16160101206327,27.1,0.051071689,3402.822030093,636.61,0.22721339,8048.055390175,960.5899999999999,89.36031898,15086.450433643,722.0543,43.495614980000006,15240.303002522,24355.62,68.29151498,126373.555,18664.678999900818,10.595,12119974.2285858,4232.2,80.04693679511999,25225635.53649,0.0,0.0,0.0,0.0,0.0
SA,2007-2008,2101402.6977579542,881135.9660629199,1116996.292410664,243571831.59694317,4025942.801257,18776.0793886,64356.14359618983,2942.02,67.78599375,311.01227029367965,20.18,1.3092265,3435.3130792287,414.61,0.23951675,8303.730509102264,812.6899999999999,122.2799,14568.98723453843,798.6542,57.9008658,16738.376991145426,16130.6,158.2531675,126933.52785937757,20167.2,81.57834030000001,11717995.979301613,0.0,0.0,18370165.668846287,0.0,0.0,1444611.1013891406,0.0,0.0
SA,2008-2009,1142902.5870539453,480360.49766420905,557231.2282585904,230508174.27488387,3712200.7030232,470597.4246435822,49241.61898501756,3641.3570000000004,15079.598985745,310.1631567524535,20.9295,34.073687781,618.102212850025,413.141,2.260928738,6561.207833968325,1120.866,143.301290117,14447.638372301712,1161.2742,80.775036053,30539.9010077797,2122.015,44.447319462,68151.35316636287,22099.3,253.0708793,9701866.086894488,0.0,0.0,22063033.809084408,0.0,0.0,1875629.8249267521,0.0,0.0
SA,2009-2010,1394255.67895704,543349.5722472057,742417.2925695969,242770604.59800032,4159288.8786605,957295.9998758405,46684.59847603806,3703.3086,60.45388749264151,151.56459544300142,16.727899999999998,0.07146941007277628,561.3459324245999,356.6137,0.30295339169811325,5741.288611938409,924.3974000000001,124.63906899061995,12722.05313000769,689.9766000000001,58.29834212727763,37991.74825890522,39329.1839,32.993245296549865,63610.533879784,20295.0,41.048172482479785,8343786.206044552,0.0,0.0,23659530.88076821,0.0,0.0,1606870.4144026067,0.0,0.0
SA,2010-2011,2830317.9758033813,1038521.2489092579,1679444.155975033,276334652.0733428,4946138.458063996,1198015.9570704615,51699.40563772789,3447.8372,67.77019387515094,271.4402448604525,14.782499999999999,2.136898235477628,1502.4324145587916,362.7545,12.34170137781132,6039.009498081766,892.0267,127.53542011199461,13155.929618248965,1512.9578999999999,62.3563230677628,59417.000119300865,35445.3689,56.799630172986525,61049.397885432,24369.131,29.125014607978436,11841426.42598866,0.0,0.0,26796666.108278945,0.0,0.0,1637245.6422986104,0.0,0.0
SA,2011-2012,5199673.239188754,1717423.5891429023,3371414.2866502646,279252925.89057845,3917574.200900352,1283932.8574588688,68479.2027040761,6433.7558,115.37165756535849,295.11337568619206,12.0084,3.215489443490795,7118.386383451696,812.5863,20.383793983801887,7064.701449139994,753.5078,237.7587578383086,9444.516215364014,966.6135999999999,111.62635001307952,48108.63149668643,31006.014900000002,70.61126426052157,60421.044694649005,23994.9,47.114376165234496,9898899.008980304,0.0,0.0,28359990.93702364,0.0,0.0,1738499.3910900003,0.0,0.0
SA,2012-2013,3278225.3597085997,1317429.4350911363,1841552.222901309,262657258.0692275,4270258.025500212,1271504.2069487085,65834.90144654673,5134.5127,80.41147427209434,240.67596910179583,9.6045,3.541921722619946,5384.503264512381,991.9913,22.274791503132075,6862.620983080445,575.5428999999999,317.72769123931806,20702.000462424203,2207.2114,96.3607211219946,70996.79638848586,27179.8545,133.26092587779516,63429.36606,23331.3,258.6444494692723,13823823.458294598,0.0,0.0,34463291.22755459,0.0,0.0,1574325.7146998225,0.0,0.0
SA,2013-2014,1884311.0399941793,900976.7271731765,871429.1700622935,253387592.42083737,3604390.7161102057,1335508.8233083459,67426.16709550036,6850.745,34.565901732226415,236.78452145677628,8.35,4.352747253059299,6995.036562308068,954.59,20.230316855716982,5924.445589011241,665.02,177.73502900113476,8549.60435724981,2921.0800000000004,82.85472848292991,54800.58060286068,31955.56,73.05192983333693,66375.0368404562,27933.6,74.44525080053909,13405734.672400327,0.0,0.0,36148994.60637374,0.0,0.0,1617676.4847169425,0.0,0.0
SA,2014-2015,2849973.375637993,955825.2684564581,1781864.0873090494,236485555.65634373,2551382.029000204,602062.3889582492,67682.78751432628,6987.0853,53.7465370443968,282.35245685373894,6.228800000000001,3.8838233888990175,7887.650799762124,867.9392,30.256308074310404,5896.071438745942,541.1513,558.3822941880549,8584.093868608956,1108.457,121.53402629990173,38261.70561844346,25424.5939,876.2549731909115,61086.472813062,27263.1,293.0584897522196,12097975.134180292,0.0,0.0,30581704.037489165,0.0,0.0,1696292.5574906918,0.0,0.0
SA,2015-2016,2149648.6322216606,675860.7700820966,1350429.5623114584,238834096.3183938,1987573.9817472224,642724.8434766856,54074.886009837355,9427.146299999999,30.818967533871295,287.62653269789917,9.5574,3.4186465420844887,1303.8076812627796,353.0603,72.21548722863807,5241.908786390021,704.3743,199.1916844406051,6697.719685844006,1278.5719,82.58360840844885,30020.147575251034,4951.6749,177.00232204760397,46864.01216831822,22934.220467000003,47.28157776242032,11877073.334845955,0.0,0.0,23239340.684911154,0.0,0.0,1443587.546566002,0.0,0.0
SA,2016-2017,2763618.622243604,1911125.094470389,727881.342886694,235857025.92830473,4360683.489205444,681614.8919809054,56713.34844819876,9984.369131,29.35019704309434,668.1265972520175,6.6137058,2.9277065987628035,1976.490382471795,999.3019,96.69510547113207,4562.054146389341,691.726036,195.87497336646092,4575.079629357454,4097.537658,107.20016586528033,31346.39770321799,47679.714234,222.6840081986523,61698.91755352311,29892.00048243,6.369682797843666,10901995.522331985,0.0,0.0,23436597.141118307,0.0,0.0,1328371.2076954935,0.0,0.0
SA,2017-2018,3495192.755598267,2461225.024564738,920477.3217443402,234823580.65213692,2629547.0800344,722640.7114027584,65347.46556804068,14403.435936,37.37144939353774,939.1800149712689,5.7407998000000005,3.6734796338908353,1944.935827078351,973.2684935999999,110.00037321745283,5000.437837136224,539.828538,294.5483707890701,5116.388957243877,800.027998,126.61195745908356,26752.4030379986,41363.488171,277.0018217601752,54891.88814745233,36815.05,39.759985276280325,9632790.693880014,0.0,0.0,25915320.378312737,0.0,0.0,1408437.3943736518,0.0,0.0
SA,2018-2019,2696403.39866588,1700311.542951903,888719.2246303097,252971575.21749896,1943221.120229065,636511.1109136646,67296.46533499958,15731.5603479,35.55759830474906,565.6175981855141,5.543321415,3.6368945580366576,2039.3028755608375,1532.3466099,104.58192582083868,5192.090042531326,552.2036186500001,221.29633418021967,5561.242081709533,925.24321415,123.29724754366576,29521.34369868574,23833.7561829,256.28807424729916,58385.974779487915,45740.6,15.864155697878706,9785266.67800414,0.0,0.0,25871587.81774885,0.0,0.0,1365415.6694185203,0.0,0.0
SA,2019-2020,2460695.9654332832,1531995.031764292,815186.1334438125,232807265.20368654,2424178.890533797,514304.3682321087,48560.33239513243,19788.534954019997,34.84865263915094,216.03808077515401,6.379437167,3.997698982991914,1072.1658267516975,1068.1742626999999,87.00487886981131,5378.768906992544,450.94446616999994,193.35804944770888,5930.660033207772,587.97127167,106.15915789919137,37024.68107079675,9675.4011344,222.90774008927224,42823.964343997606,58492.69,39.56421179083558,9352978.865638766,0.0,0.0,27536261.53996818,0.0,0.0,1239860.2167355893,0.0,0.0
SA,2020-2021,2636834.284149182,1736939.64512436,777882.1654288922,234663764.7537189,2313267.2048625,546092.7020437951,65014.50989912131,17493.611694,31.64024489635472,124.08458887106079,6.7239847,3.086333730250997,1115.379153156601,815.4478388,101.4766137358566,5093.15520660863,416.16834700000004,221.4117470511159,5701.171480315464,545.194847,119.75877745509973,43398.94877287205,25136.672104,253.82862798258975,51812.64168868819,37949.94,35.19886238446361,8726968.421867916,0.0,0.0,27018509.217844225,0.0,0.0,1306181.2689273541,0.0,0.0
TAS,2006-2007,1609985.9787871877,1231853.1974142652,361753.8037613228,63205193.24703883,4654143.246228513,309573.02717321145,4228.12372512219,11527.897509562968,104.93397352408988,138.12421670574386,20.98215799331956,2.0941330835058998,220.56446427054527,923.7940085828304,0.36786423308995325,1099.7876551150644,10901.363549895119,4.933039645950409,485.9196027925631,438.52766306244393,0.8313081138052353,3729.4429031353725,65445.15443155582,292.97197730261786,24522.719706078704,428144.8900010376,109.18415858580164,2651514.474789988,241498.5,165631.4619998932,3524201.819477149,0.0,0.0,0.0,0.0,0.0
TAS,2007-2008,1620515.254989014,1242618.097534424,361373.45608121855,60359505.07934339,5090911.249118346,137438.56314370065,3140.766406435314,7644.645068899999,130.529445102,75.0611214220769,31.9304565,2.1084677082,136.89840314392688,1021.9260999999999,0.9009989110000001,694.8005636479269,12020.81265,364.26150249799997,1976.993626705177,666.54003775,1468.8486867640001,3911.035611733876,59543.85919,371.177610087,30468.658570535397,360514.24569,154.246151994,1771671.187464439,0.0,0.0,3124274.09951474,0.0,0.0,483624.36500353,0.0,0.0
TAS,2008-2009,1645655.0609044791,1257289.4398019474,371644.77817386657,64673329.1409574,4180578.9705608953,238873.2737498507,43368.693671127,3823.937,760.4835387280001,35.8924969686,71.990075057,0.08857913120000001,77.874568713,1118.39,0.284786384,5328.017735777999,12081.88,26.115140377000003,3500.309966871,657.7335,42.02113307399999,6679.643640645,57356.397919999996,1271.580762867,17616.897861942998,278719.44314,911.295226506,1355700.832829357,0.0,0.0,3490476.0932622002,0.0,0.0,631498.9434370999,0.0,0.0
TAS,2009-2010,1649701.463401727,1268154.8159906936,364669.61745233746,65259268.671773344,4673977.7630002,233947.27018519933,10542.192651178475,1833.77834844,10.373364741418742,55.88586752231281,24.9508,0.025389269101741833,67.237337588,1121.0,0.49392874287083127,1070.689334239,12509.617,4.464976446431523,2131.5188842525004,588.0830000000001,1.5758740394464192,6779.211869552,54805.48489187,3.652960635501778,154674.99164983298,167102.90043055,61.6342457847261,1599889.5296273925,0.0,0.0,2719939.4134125607,0.0,0.0,572317.0620498686,0.0,0.0
TAS,2010-2011,1661037.4399327033,1277623.358483293,366411.8219496736,83865529.28573352,4394288.45915024,208055.7751576579,8451.660264819651,70656.44827461,9.005780935519137,38.558677498846144,19.8303947,0.02402607547580131,147.3233054697,3352.2190000000005,0.3875879321153639,69199.5574371871,10548.408000000001,39.061103636543706,14417.63953181545,495.12048000000004,1.345073503780131,6033.7865573386,83655.9755552,14.804463102302117,103779.1775417795,166651.06835209,249.3193334861748,1691051.3849067474,0.0,0.0,2669452.8717023,0.0,0.0,454171.40801520157,0.0,0.0
TAS,2011-2012,1754696.272636535,1281737.1375220038,455902.85829546925,70929053.20463666,4372835.3380847,174335.0734385962,14046.930547499343,2559.73441,9.440678807504044,26.54454486395956,17.5695947,0.02029606627146708,149.951382310202,3372.6020000000003,0.27836817933423175,67652.81176805407,10120.307999999999,42.11847360691567,12966.505107690837,510.46759999999995,0.8366356261467078,8705.028631780735,83651.8667,15.983185263432038,186188.4817219386,134510.0935,271.2843144256627,1736890.8587092236,0.0,0.0,3051153.0088465656,0.0,0.0,448147.8716626128,0.0,0.0
TAS,2012-2013,1753445.0204015533,1280617.5625172039,455762.68358445534,73500152.03660436,2884907.887914,169038.57798600793,6496.870931577099,2946.67677,2.9666754248254716,28.09999024016898,41.65813,0.011396510817385444,149.39999068950002,444.492221,0.7975796054056604,1103.8917529655,7144.3707,6.872834494925876,2081.33728893175,435.45019,0.7506308807385444,6622.7880046380005,6424.810863,10.40107379256469,89477.40492715,93168.64199999999,139.2179499777035,1841508.3389659838,0.0,0.0,2989554.6331918333,0.0,0.0,537741.5292983063,0.0,0.0
TAS,2013-2014,1757142.3480801159,1403875.7852363624,336182.0239178743,65155324.02777793,1293076.3280142,122730.84111925586,2174.9851771960225,3808.3468,3.813232874649057,31.99703135775188,57.4084872,0.008073336939514824,134.9692066143838,669.476867,0.7236530725886792,955.6540232502783,6956.0560000000005,6.147344662862534,2220.3925739941023,725.196,0.40385988095148245,2793.75439910891,7775.56099,18.116323892556334,22481.904847947466,94228.443,198.2444786524501,1643078.326679737,0.0,0.0,2747484.7791814664,0.0,0.0,330044.12276967475,0.0,0.0
TAS,2014-2015,1892470.935063249,1323897.6170525982,551045.0952035197,74076061.93925764,2104909.0771314,157701.42370885058,1905.271084703506,886.4634,5.095935547301886,40.283402924329486,38.2056514,0.001336578126684636,144.0364164962256,1459.8482000000001,0.6710068156226415,1005.6738124364014,12430.114,4.7203330515606465,2216.6447270347535,640.2616,0.13365778266846357,1022.9792810120117,12622.6839,9.032071004401617,15831.798269339355,98328.05,111.12208820724258,1772983.3389877626,0.0,0.0,2747855.2711213026,0.0,0.0,442333.70762156654,0.0,0.0
TAS,2015-2016,2380417.9559898265,1698838.3388642776,664299.6741835821,79338199.7962363,1463852.6705314,220500.78629065875,1875.8446727166001,2488.81718,3.2747355837075474,27.10366467141438,37.4780505,0.009940965578167116,148.78004273071875,1749.8901759,0.6227338294905661,1044.5400162230937,5750.828399999999,5.412072574814016,2253.7832673607345,5.5209,0.11922055581671168,1164.7282022428749,5609.823914,14.980188500035041,15394.17241673,91618.8355,148.33974837525605,2404524.1050842977,0.0,0.0,2624084.275410991,0.0,0.0,369530.2841602777,0.0,0.0
TAS,2016-2017,1052875.7767825127,760300.1067217503,275523.78784886113,75204065.10466176,3272290.898262,136883.9674584146,1944.6380944035234,2537.4302,9.961107155290566,27.550151451740064,41.245217,0.03746423409371968,142.6777366791211,1740.449863,1.7687379232867924,938.501120253668,5043.723,14.853086928053909,2025.392120011545,562.7520000000001,0.22679538537196758,1425.1286256259843,5059.59295,42.52764584853477,15566.533783306,98503.5474,421.0541477122156,1657869.9735365133,0.0,0.0,2686097.5193318278,0.0,0.0,355489.82187984855,0.0,0.0
TAS,2017-2018,1528433.8857852432,1270119.6110348233,239644.9671998093,81453961.28405485,2334459.92371265,130249.19191089267,1765.6548725148189,951.5587744,96.35668427421793,58.60946648102624,10.0886315,0.01230177460207547,145.08046583815968,1407.6539741,0.8344076481150944,1119.5927276516143,3183.6735439999998,3.5641418832547167,2573.661061971011,106.76645680000001,0.21303508220754713,520.2249145075468,3862.3295972,130.93878853218678,10089.698223438,85217.7282,180.10469410501887,1722618.9925563058,0.0,0.0,2298801.0618272834,0.0,0.0,379563.7799852834,0.0,0.0
TAS,2018-2019,2658449.383546318,1980181.5360520068,656313.2113834149,84390951.65775721,2719678.107609052,56138.45972512005,1444.4196785708868,457.0801299,90.72458329242642,49.45751375399704,25.455106299999997,0.012213915556442047,131.18208974201414,1366.58732175,0.36422436031698113,957.5934909348208,5745.9297336,2.1478841629919136,1972.9313050969936,79.57842617,0.19492051564420487,612.5804747768848,5690.7481794000005,131.2297674050798,13511.217255084635,89244.61099999999,14746.842999650968,1221563.8843491282,0.0,0.0,2448221.7287441585,0.0,0.0,314968.58948465245,0.0,0.0
TAS,2019-2020,2418381.768149254,1847036.946495852,537372.6281314371,67688934.93480507,2776044.556303491,237899.72993822384,1553.4138331470476,2151.334247,4493.086900083736,63.98255153247547,25.30285,0.0094858561212938,141.65630637475977,1386.929814,0.027390754830188678,1210.0140779711269,5823.3134580000005,1.9949953963665767,2524.422425962497,633.261228,0.11738894912938005,488.6439968013828,5701.184521,17505.419626078918,8340.678705973476,94347.46615,9243.031379936465,1268587.2816108908,0.0,0.0,2174514.1556386766,0.0,0.0,323452.4958193706,0.0,0.0
TAS,2020-2021,1890590.831424201,1539316.0360507625,306426.60230106604,62943438.68386226,2821249.131110506,35103.831174760846,2194.410778735192,22540.821771169998,17.670175885302864,81.9577370083328,38.138682768,0.014575063060027286,140.6856624336687,1334.2318027679999,0.09917837773397,1253.57355837304,5998.40245856,11.946162575341063,2433.0616332094532,658.1696793959999,35.357792602002725,830.1741163468496,7394.72928905,3.835300975402456,13471.476603125056,95421.44990709999,46.081270060364254,1276491.448596014,0.0,0.0,2277557.617471128,0.0,0.0,338424.4767178528,0.0,0.0
VIC,2006-2007,7601401.7809170345,2145769.142472026,5235513.377096845,467007524.04211825,11425868.4413,529988.8455917427,6400.19321,461.482,977.4186940000001,220.1060943,39.8298,19.29929044,383.0908,202.09,81.0159573,8951.714880000001,3670.406,2378.159103,3446.187949931,928.7969999999999,2580.3678120000004,1425.86024527,3049.551,16297.774632999999,13622.35547,11819.86,29326.45797,17039244.28,0.0,0.0,14465660.9,0.0,0.0,0.0,0.0,0.0
VIC,2007-2008,7026526.43025288,2182231.769172388,4620408.215976154,491374293.36769366,8238861.211018789,465784.1876154264,5351.964839470477,390.30555,1149.641983902,179.99519567729823,42.041430129,17.547569241719998,343.6317301889013,218.1380063,72.01828351633334,7084.285069516515,3787.4817605,1249.7372194213333,3056.8286164025626,885.7327208600001,2340.7042503850003,1632.069101660618,3295.453075,16936.590685344,12328.494854783326,10443.315342,37226.85409526833,15511726.69311808,0.0,0.0,14879504.164271269,0.0,0.0,4583161.823943693,0.0,0.0
VIC,2008-2009,5792581.434806252,2217220.449933382,3349315.7168182554,464849065.1074183,7815983.376796207,502362.3058966667,4395.343366771825,320.884935714,7.3197396655735,167.5996360520228,47.869982593,1.2786637865786998,332.2256637718,207.2653,1.618445449673,6803.1631944166,3148.3704000000002,19.674313222165,2636.46589502651,854.7281531,6.97739998788,2077.21174474256,2959.5268929999997,180.69024214256302,12585.703025055001,10908.081208,950.3752879804599,14347226.175040385,0.0,0.0,14836126.47716906,0.0,0.0,4448457.06800125,0.0,0.0
VIC,2009-2010,5759114.198485874,2470950.277570709,3051502.315654565,452312350.67811996,7569691.96703,605205.1729506836,4367.28400958128,679.8405,17.00405519622115,162.5273637595962,42.612460000000006,1.2481348904402014,352.6552582217175,219.9563,3.5131231336046995,6779.827504671828,4395.774600000001,228.83807895805705,2500.858547994577,792.033,4.813957444020142,1752.9621668750112,2848.686,147.33304753961812,11037.003792754858,13317.98,682.53122009763,14682922.73842823,0.0,0.0,18462437.19924842,0.0,0.0,4602229.663420272,0.0,0.0
VIC,2010-2011,6377706.80059547,2525699.05919302,3610257.1167798475,430567374.9508355,11441274.9881233,628993.5173369097,4920.20323495684,1106.531,11.178445794812676,175.8679414818598,22.950499999999998,0.575108169845835,310.74749317727,219.482,1.3984967994028168,6764.4758366154,6951.193,110.08009170131992,3120.2874584705496,2116.763,6.079651424583501,2711.8478587094,4941.554,51.49029668112515,10982.964413769,17675.58,279.7289708052797,14548660.215565372,0.0,0.0,20747466.284586474,0.0,0.0,7033154.339858321,0.0,0.0
VIC,2011-2012,6211118.505564136,2401726.964491172,3567068.1365163606,427035617.0826244,11816631.80771676,566522.3920513504,3777.320338212565,866.007,14.125608092510587,1628.8869605287616,22.326003,0.7688369861513497,340.550970362565,204.4364,3.121566187891662,6770.941251155345,6231.33,157.97344834610794,3684.106744488238,1756.154,7.149622946391036,2579.87905485192,3799.038,82.70600065215193,15663.2793146035,13306.212,438.2519669064318,13722136.261867324,0.0,0.0,19050140.434385937,0.0,0.0,6477054.819410766,0.0,0.0
VIC,2012-2013,6709835.6006838605,2769549.4217609437,3684961.9265481965,417039203.1507921,9397543.11926,789620.1937878013,7217.982046153134,766.359,11.183743591270094,1523.2222284849422,24.919,0.5504444623263819,2025.22080207726,181.40800000000002,2.4097704646159968,8517.30145308502,5636.93,118.55327778547486,4138.02281379486,1357.1090000000002,60.044946276638186,3400.33295618192,3350.159,58.548411649374366,21762.5518802234,13063.02,330.24159114089946,13503779.933365902,0.0,0.0,18363070.89844848,0.0,0.0,5595073.42457897,0.0,0.0
VIC,2013-2014,5639508.0779695315,2470124.5412192736,2973793.4857739024,427143732.5658126,9892640.80751,731942.2215350827,12267.594156230094,584.23,15.714934272210265,1702.406209337087,22.07791,1.4129766594400976,299.294141433045,167.6645,3.3264784939356145,10021.430895646636,5357.03,100.34863692536102,4706.545563036358,1266.0400000000002,7.002365971009773,3310.03285686026,2688.305,48.5126693756088,37365.91195719453,10853.220000000001,306.3034362434441,13359445.036490176,0.0,0.0,18693738.098400883,0.0,0.0,5277096.497446054,0.0,0.0
VIC,2014-2015,5709352.507924724,2223170.010087037,3255681.823555504,423623152.5981854,10236473.473555,1173435.3440632739,2745.3168457349434,622.2853,19.256373518095188,1293.5043091306438,21.186235,1.571823325877097,299.02698341750283,40.47436,4.147104227100816,5764.818035522558,5245.231,183.74951730184415,4236.159771004138,985.8217,7.857968935709703,2256.7782663379944,2854.9491,1129.2651456719389,17188.80446162026,10489.29,370.29060220837664,13298980.309560705,0.0,0.0,23426295.33622407,0.0,0.0,5072915.369200434,0.0,0.0
VIC,2015-2016,6064674.510910938,2383122.6528582093,3447775.178476104,377927178.40993506,9769748.289346,1057691.9080952553,2692.568126795093,748.25,25.017163900851486,1568.822946361234,25.8480164,1.6884045364523144,303.9450272581725,41.7790738,4.759802389189219,4677.383797593458,5038.066,219.22405036658336,3888.3244641619376,836.509,14.517296353382363,2588.743947416351,2819.33021,1130.364539057444,15975.421545674373,9898.6852,367.0278935259372,13533650.456451237,0.0,0.0,23850250.78539176,0.0,0.0,3675770.6029866505,0.0,0.0
VIC,2016-2017,7403646.691282203,2656404.5489331433,4546195.122805217,361622544.1889305,11677966.4300508,974681.8035982567,2955.8457481994765,976.6261790000001,19.820034654554966,2141.0588770621625,21.915017900000002,1.2767271567975251,479.56946645338354,36.7204179,4.080456923789992,5176.435054394956,4511.078729999999,130.88573335487845,4391.600155724793,747.104179,6.813194274957107,2912.0423369920404,2819.44344,217.8493724187614,14899.89055176928,10759.7201,240.74026242051394,13710544.990528237,0.0,0.0,23698367.972607322,0.0,0.0,3500887.9189855703,0.0,0.0
VIC,2017-2018,9001958.074939169,2857610.415884426,5827063.781039188,344228751.4801321,10577064.4897375,1546467.3041265015,3298.781501987377,728.788581,20.52377226090566,1182.9778024407915,21.2502481,1.3738611644371967,512.6574205913382,55.0403481,4.2253705015345915,5962.862576001524,4046.11272,118.73020324520574,4036.1209169231665,897.8379809999999,6.968061438719676,2890.84735829404,2860.17432,39.27890479534771,11795.65324226857,10660.8808,230.99915297782303,20558718.88699466,0.0,0.0,18855572.833126493,0.0,0.0,2958128.481862513,0.0,0.0
VIC,2018-2019,8577957.38011157,3155058.565093893,5061582.288908359,305011232.60380214,10756184.30637945,1755439.1032167298,3331.5014004198592,1015.796154,19.151050875431963,1085.4273540097868,22.417345400000002,1.0882720772422092,493.585071386922,53.6375354,3.9278541056515475,5689.468544435473,4113.1082799999995,169.06659956862595,3900.3525573217357,284.744754,8.342055374220916,2708.1672818924403,3043.847992,136.5585001217988,11388.51569892905,11131.64302,489.79912327450376,20004612.0892594,0.0,0.0,18114713.10910976,0.0,0.0,3110815.3349796203,0.0,0.0
VIC,2019-2020,11453312.865708321,4569698.475693062,6486892.6396233905,269894060.5940147,13066591.008256953,845188.1092099958,4128.776658514168,682.248743,16.551093189719,1185.5821793337961,26.5035538,0.7895060477211333,406.7947962605092,66.6693143,3.3691400834931113,7236.967596967395,3025.49744,114.07442385898779,4280.0527650531,313.792735,8.401394257113337,2315.738076441257,3240.09813,251.67225199090203,12080.991328179143,12777.8793,318.6479620208568,10573281.20081535,0.0,0.0,17119296.098277558,0.0,0.0,2659978.164992431,0.0,0.0
VIC,2020-2021,11494968.760990378,4645305.543390658,6477016.024332898,282231584.30504936,12762683.96971422,927043.7603302826,3876.731268376183,3359.806676,19.979735610337926,1091.5015859199202,28.3959276,0.8218070355794087,441.0150078066763,63.2339176,4.115775596852872,7587.667370586155,4151.626029999999,143.72677701049918,4918.808808463345,294.68003,11.606407584940882,2334.434430121795,3927.79598,470.9076516371468,13558.248414500646,13946.804900000001,285.37893944599665,10066671.764598232,0.0,0.0,20745486.186428323,0.0,0.0,2740264.0755042476,0.0,0.0
WA,2006-2007,2630129.516699056,1998192.0341121953,540286.4112837702,745099562.237557,5888482.395998763,1304486.5360492726,31644.001371135,6933.5901344472395,9754.472648907058,8840.6687616032,18.516385710063958,102.52049754086039,1952.0523917543,978.1230725904455,115.70767511479754,364280.3627732265,8550.95170524324,5614.418551789634,313874.0227520166,1197.216576135095,30831.31554733221,61553.2683575998,12992.747638264429,3508.1855457013335,113829.36417128041,13932.979487131493,10089.28603208028,27133145.398507364,207065.54330608997,14281.749338800266,233974968.5889648,0.0,0.0,0.0,0.0,0.0
WA,2007-2008,2612275.862857984,1896142.6800784525,620449.8115643349,778985718.9108137,5910533.28466991,1821740.4641006645,34402.22868718898,7192.0344200147065,1850.4973733628,8202.715860981853,40.745408835294114,60.2046808856,2258.755584978758,620.5620154529412,192.19504178204693,329132.13943356054,6416.86384,12821.52716154716,144494.43522346506,1899.9258096176472,39606.70708954154,56221.705317378066,7897.412881441176,11087.529222697,94488.36625884281,31518.209779,8949.816044293,29183711.761133168,0.0,0.0,220654790.04044595,0.0,0.0,9929892.992034199,0.0,0.0
WA,2008-2009,2651464.463662388,1851279.835093168,700634.3789553524,750226349.9844637,7953950.468525783,1625273.56084501,30741.56470036444,4758.8307672870005,782.455025443,9491.872833025915,36.770291779,36.9845627346712,2037.1361415018025,502.074213033,86.998205539748,203078.558131716,7885.595139569999,14589.727646160603,131780.41812721523,1191.92028377,1953.682112763498,47001.4828939485,5078.95485247,8663.535327799436,85869.86609438005,30072.035401,4532.23823226,32564714.636833493,0.0,0.0,185603604.78180096,0.0,0.0,7587186.404009033,0.0,0.0
WA,2009-2010,2776430.9540979257,1994790.5470412327,675569.0475252233,752235515.1921835,7281585.299265573,1718582.083687123,24313.87530397616,9235.2713608,1092.6092454930704,7271.503225361892,33.634610693,62.266434620401654,1626.01424119366,434.45200023999996,106.49115874433261,167037.71781053787,7194.10677466,8896.764545670972,80161.6380249054,1140.7019774999999,2191.7981624494023,39899.341822121576,4144.0535931,4522.057969464453,57510.2011957517,13735.75402146,3640.7259881868918,34188288.55555664,0.0,0.0,186408733.57352224,0.0,0.0,4566213.288235074,0.0,0.0
WA,2010-2011,3593278.017483899,2629977.56626149,845323.003948013,782396554.3471147,7242546.807289209,1979867.8148355514,29746.21178116112,6077.526471,1026.2738317063652,7264.26090815904,28.760948499999998,94.57387807777967,1783.3881172588672,592.4665259,144.5957290550256,234502.16214589152,11306.137173000001,6092.440844228239,223694.97243119866,1366.4567808,2378.209560816216,58143.20134642064,21597.901615900002,2051.7268430071704,56269.38834457915,16023.060151,3585.5939514029574,33184550.494143955,0.0,0.0,215902812.1881598,0.0,0.0,4827051.178645252,0.0,0.0
WA,2011-2012,3398354.666918032,2416447.9673029548,854156.1055201822,840073954.2067152,7114003.408072333,1861093.3243232772,23786.190955074188,3840.41906315,1143.1570347989586,6170.0079613836215,41.2096616798,68.14199432714132,2099.6700340956454,625.69793957,136.10022768743525,249520.86208231148,7415.362327,10743.895182137414,300325.7212285638,2548.4436378,2256.8335224469024,76999.40669350508,5367.4934488,5805.75854605078,85148.1674615664,14908.002711,5486.943088684905,36038136.36798135,0.0,0.0,276448455.3871261,0.0,0.0,5586465.465897524,0.0,0.0
WA,2012-2013,3719981.183215852,2500482.90027155,1078104.4000108365,886399655.445092,6614257.150371261,1922565.5271944692,27433.080063459936,4487.992580367,5508.130933422607,6401.124280937571,19.84305726,81.66745427163342,1833.76298979037,841.166039802,127.62513314144628,263822.05133271415,8496.0172396,22725.863291189133,365197.06624072837,1842.3390010379999,116007.99975911873,80403.65540814056,3372.4023594259997,2193.297251389807,86867.04327228216,18596.402753295,7138.022633419534,40015703.909420066,0.0,0.0,295698411.10207593,0.0,0.0,5918825.728767628,0.0,0.0
WA,2013-2014,3874719.5122221177,2644662.6784407306,1084416.7581504981,933414062.0964954,7395188.398546839,2537729.5767927896,31199.147407717366,5715.6030186,1124.193911341895,5298.921030235136,25.076896026,3.5641626955037617,1734.3272356842517,623.4382728,221.5547957142174,255455.17858291534,9873.063172,6153.432575952399,252042.67417286747,1900.77506705,22829.222439691544,64403.52271499007,4372.7865492,1637.2766520343387,89754.88972405421,24150.38242563,3490.6108359965965,39679423.64397341,0.0,0.0,338161357.12932366,0.0,0.0,5994843.165506804,0.0,0.0
WA,2014-2015,3481643.4596830606,2320442.8147999533,1001917.6402519697,988757386.11381,7571281.697494464,2351763.8246313105,27805.371514521627,3199.649727356968,859.8734848546479,5922.104619261763,13.12556059718842,3.84184208781416,1857.0588129297576,586.8907232953968,57.847221763070095,259270.94855897184,6120.2354822409525,4478.548245052645,255196.98287732794,1755.26927478854,2136.360409324323,79474.33485874205,2809.1863900306043,884.2207091239071,78392.62491465265,14513.687623089942,2541.2678632861016,42603492.007664524,0.0,0.0,395504214.9977117,0.0,0.0,6226842.174292688,0.0,0.0
WA,2015-2016,3931491.8427918996,2609324.2892529783,1155207.086456391,915362528.7130378,8342071.226421734,2265391.8613708057,27582.790187294846,5898.42469712946,839.8399830573486,3826.9013904122644,13.119297272445129,6.7993016110699065,2380.6384872859016,347.72757570933,82.48479294979195,265778.3935635332,6106.931420435714,6588.469833601982,250333.99398400012,1754.1449274621243,4314.7723480437235,80279.5896216321,2752.7190570584353,5266.787670253654,78564.83689239717,20155.926134658977,5168.751878089321,45872676.472551465,0.0,0.0,433034518.50487685,0.0,0.0,7244579.129426518,0.0,0.0
WA,2016-2017,3695534.159470292,2358459.3341376497,1200583.0299909357,901646113.3138976,9479646.692809034,2455516.0633821455,22121.425601654715,4874.400225230972,993.3835538796856,3111.321324725136,17.69406768642143,8.321172461614738,1431.3594690684063,294.29766859837946,109.41731735599534,293317.7176150736,4634.257632851071,13556.165604141508,259380.3479668946,2108.27070197716,4313.506736184889,84764.85054538472,5654.666541571225,5837.242955001475,72747.48133920199,26942.75723545494,3780.982835594361,56673419.40873904,0.0,0.0,419321358.0923159,0.0,0.0,7222506.232762085,0.0,0.0
WA,2017-2018,4721597.747801822,2569725.710223332,1987015.5022182378,903445522.5711209,10557949.073032195,2391294.4500002875,23663.40237073255,5249.5580832404585,1013.5148628795667,3038.236695382139,12.2444872057,66.9408796839858,1352.965971020961,221.60910610647917,69.17462695453445,314889.35840234463,2887.1339948586665,23038.419939157968,267999.53991147847,1143.814409649234,4844.036626163206,81901.84073667233,2016.1734790014532,5557.617755355606,84732.03025081108,13808.48434902071,3467.8526712834678,70251251.54128642,0.0,0.0,388167263.7157193,0.0,0.0,7383581.807212212,0.0,0.0
WA,2018-2019,4561950.331500266,2558728.7395333736,1810150.4057591208,976029499.1045797,9427331.380602518,2184162.7225858695,24390.999896842655,4841.152517631923,1146.5495110009626,3151.9084779907603,12.94664670675,114.35764263150463,1322.0397481959478,258.1019517901154,86.47446060662641,365306.0706010209,2754.135683738782,24933.540110592927,310693.37786396395,6456.490117119338,5541.4097944029,105764.87539027758,4435.252889878846,6414.234640511157,102354.9378229555,24972.040135018335,4445.0067627996805,67188582.8537059,0.0,0.0,445223284.47908425,0.0,0.0,8046605.05751986,0.0,0.0
WA,2019-2020,4444401.7239269,2625652.3630827414,1616769.6383616556,1017802725.6007271,8846370.734617371,2505665.3790188725,24403.01521471163,5832.1796494936725,765.1990224933081,2253.0379666607364,15.826723727120791,11.085905755349623,1370.163474484141,429.4124879888888,66.58968082750577,384073.0606250042,2663.11073599,15826.788862351601,271577.85468017723,1021.4205313782762,4999.400781720276,107977.26007289294,5677.109934998443,5778.266524210121,99719.87222927855,29634.882770095453,2229.1708464496865,60263517.084322624,0.0,0.0,484972318.8192929,0.0,0.0,8372645.353164576,0.0,0.0
WA,2020-2021,4583398.016355466,2707198.3672051476,1660257.839431847,1078183477.1440895,8340505.925788289,2224960.5346130882,33959.82383812357,6149.805133951484,1288.7413024699295,2698.0249015614436,17.139929441858715,16.35472482660684,1529.4328118711487,447.2626716471725,87.08469485580031,384746.8813342394,3419.753491360292,22393.760252796965,299681.8024268359,1060.4516125268008,5658.922109493778,109229.21484798357,7065.803980726368,6271.65620407743,130481.04959080505,31924.83830457809,3796.642257027607,50336940.455203876,0.0,0.0,583827956.5054445,0.0,0.0,8379655.217181461,0.0,0.0
