state,n_years_total,waste_metric,environmental_metric,n_years_used,pearson_corr,spearman_corr,abs_pearson_corr,abs_spearman_corr
ACT,15,ewaste_proxy_tonnes,total_land_emission_kg,15,0.6883823618848235,0.8749999999999999,0.6883823618848235,0.8749999999999999
ACT,15,ewaste_proxy_tonnes,mercury_air_kg,15,-0.5384535295680216,-0.6071428571428571,0.5384535295680216,0.6071428571428571
ACT,15,ewaste_proxy_tonnes,zinc_land_kg,15,0.4580609842411747,0.8037692290359052,0.4580609842411747,0.8037692290359052
ACT,15,ewaste_proxy_tonnes,cadmium_land_kg,15,0.4559698173256889,0.8037692290359052,0.4559698173256889,0.8037692290359052
ACT,15,ewaste_proxy_tonnes,nickel_land_kg,15,0.44388933775268336,0.8037692290359052,0.44388933775268336,0.8037692290359052
ACT,15,ewaste_proxy_tonnes,chromium_land_kg,15,0.4384531986710717,0.8037692290359052,0.4384531986710717,0.8037692290359052
ACT,15,ewaste_proxy_tonnes,cadmium_air_kg,15,-0.38486809891219886,-0.4678571428571427,0.38486809891219886,0.4678571428571427
ACT,15,ewaste_proxy_tonnes,total_water_emission_kg,15,0.3752038737170134,0.5178571428571428,0.3752038737170134,0.5178571428571428
ACT,15,ewaste_proxy_tonnes,copper_land_kg,15,0.36555679722498524,0.8037692290359052,0.36555679722498524,0.8037692290359052
ACT,15,ewaste_proxy_tonnes,mercury_land_kg,15,0.3625845820242124,0.8037692290359052,0.3625845820242124,0.8037692290359052
ACT,15,ewaste_proxy_tonnes,mercury_water_kg,15,0.30823608935558716,0.19439770417480273,0.30823608935558716,0.19439770417480273
ACT,15,ewaste_proxy_tonnes,lead_air_kg,15,-0.29715849802152705,-0.2607142857142857,0.29715849802152705,0.2607142857142857
ACT,15,ewaste_proxy_tonnes,total_air_emission_kg,15,-0.2097769365316704,-0.07142857142857141,0.2097769365316704,0.07142857142857141
ACT,15,ewaste_proxy_tonnes,zinc_water_kg,15,-0.20577988691828755,-0.30357142857142855,0.20577988691828755,0.30357142857142855
ACT,15,ewaste_proxy_tonnes,nickel_water_kg,15,-0.1484824755469414,-0.5249999999999999,0.1484824755469414,0.5249999999999999
ACT,15,ewaste_proxy_tonnes,lead_water_kg,15,0.14479322675895365,0.5915998787695819,0.14479322675895365,0.5915998787695819
ACT,15,ewaste_proxy_tonnes,tvoc_air_kg,15,-0.13653505717126763,-0.28571428571428564,0.13653505717126763,0.28571428571428564
ACT,15,ewaste_proxy_tonnes,copper_air_kg,15,-0.12472167170566703,0.175,0.12472167170566703,0.175
ACT,15,ewaste_proxy_tonnes,chromium_water_kg,15,-0.11424038563039152,-0.21684727102662782,0.11424038563039152,0.21684727102662782
ACT,15,ewaste_proxy_tonnes,copper_water_kg,15,-0.10937817542445068,-0.5714285714285713,0.10937817542445068,0.5714285714285713
ACT,15,ewaste_proxy_tonnes,pm25_air_kg,15,0.1067343669256807,0.2964285714285714,0.1067343669256807,0.2964285714285714
ACT,15,ewaste_proxy_tonnes,cadmium_water_kg,15,-0.10587913014972836,-0.2667361947632824,0.10587913014972836,0.2667361947632824
ACT,15,ewaste_proxy_tonnes,zinc_air_kg,15,0.09672007283445033,0.5928571428571427,0.09672007283445033,0.5928571428571427
ACT,15,ewaste_proxy_tonnes,chromium_air_kg,15,0.07305183145068503,0.10357142857142855,0.07305183145068503,0.10357142857142855
ACT,15,ewaste_proxy_tonnes,nickel_air_kg,15,0.0590878199093529,0.16428571428571426,0.0590878199093529,0.16428571428571426
ACT,15,ewaste_proxy_tonnes,pm10_air_kg,15,0.05803235389962535,0.48214285714285704,0.05803235389962535,0.48214285714285704
ACT,15,ewaste_proxy_tonnes,lead_land_kg,15,-0.026771604341482888,0.8037692290359052,0.026771604341482888,0.8037692290359052
ACT,15,ewaste_proxy_tonnes,pm10_land_kg,15,,,,
ACT,15,ewaste_proxy_tonnes,pm10_water_kg,15,,,,
ACT,15,ewaste_proxy_tonnes,pm25_land_kg,15,,,,
ACT,15,ewaste_proxy_tonnes,pm25_water_kg,15,,,,
ACT,15,ewaste_proxy_tonnes,tvoc_land_kg,15,,,,
ACT,15,ewaste_proxy_tonnes,tvoc_water_kg,15,,,,
ACT,15,hazardous_disposal_tonnes,total_land_emission_kg,15,0.6741292532321995,0.8678571428571429,0.6741292532321995,0.8678571428571429
ACT,15,hazardous_disposal_tonnes,mercury_air_kg,15,-0.5405972850427078,-0.5857142857142856,0.5405972850427078,0.5857142857142856
ACT,15,hazardous_disposal_tonnes,zinc_land_kg,15,0.42792870301858377,0.8037692290359052,0.42792870301858377,0.8037692290359052
ACT,15,hazardous_disposal_tonnes,cadmium_land_kg,15,0.4258510258816155,0.8037692290359052,0.4258510258816155,0.8037692290359052
ACT,15,hazardous_disposal_tonnes,nickel_land_kg,15,0.4138692815082123,0.8037692290359052,0.4138692815082123,0.8037692290359052
ACT,15,hazardous_disposal_tonnes,chromium_land_kg,15,0.40848827725512066,0.8037692290359052,0.40848827725512066,0.8037692290359052
ACT,15,hazardous_disposal_tonnes,cadmium_air_kg,15,-0.36928481968009247,-0.4357142857142856,0.36928481968009247,0.4357142857142856
ACT,15,hazardous_disposal_tonnes,total_water_emission_kg,15,0.3561680842426074,0.5392857142857141,0.3561680842426074,0.5392857142857141
ACT,15,hazardous_disposal_tonnes,copper_land_kg,15,0.33681517009350176,0.8037692290359052,0.33681517009350176,0.8037692290359052
ACT,15,hazardous_disposal_tonnes,mercury_land_kg,15,0.33390818627152025,0.8037692290359052,0.33390818627152025,0.8037692290359052
ACT,15,hazardous_disposal_tonnes,mercury_water_kg,15,0.2988270914044528,0.21801611683155447,0.2988270914044528,0.21801611683155447
ACT,15,hazardous_disposal_tonnes,lead_air_kg,15,-0.28362031378559593,-0.22142857142857136,0.28362031378559593,0.22142857142857136
ACT,15,hazardous_disposal_tonnes,zinc_water_kg,15,-0.21296787308414988,-0.3142857142857143,0.21296787308414988,0.3142857142857143
ACT,15,hazardous_disposal_tonnes,total_air_emission_kg,15,-0.21199954451998887,-0.028571428571428564,0.21199954451998887,0.028571428571428564
ACT,15,hazardous_disposal_tonnes,nickel_water_kg,15,-0.15874667348869131,-0.5142857142857142,0.15874667348869131,0.5142857142857142
ACT,15,hazardous_disposal_tonnes,copper_air_kg,15,-0.1382134559725861,0.15714285714285714,0.1382134559725861,0.15714285714285714
ACT,15,hazardous_disposal_tonnes,tvoc_air_kg,15,-0.1286267793657726,-0.27499999999999997,0.1286267793657726,0.27499999999999997
ACT,15,hazardous_disposal_tonnes,chromium_water_kg,15,-0.12139191164323283,-0.18279687309682677,0.12139191164323283,0.18279687309682677
ACT,15,hazardous_disposal_tonnes,copper_water_kg,15,-0.1205837477506791,-0.5642857142857142,0.1205837477506791,0.5642857142857142
ACT,15,hazardous_disposal_tonnes,lead_water_kg,15,0.1130452581545459,0.6058983652655233,0.1130452581545459,0.6058983652655233
ACT,15,hazardous_disposal_tonnes,cadmium_water_kg,15,-0.11195392159293097,-0.252120512858445,0.11195392159293097,0.252120512858445
ACT,15,hazardous_disposal_tonnes,pm25_air_kg,15,0.10380077323917497,0.28571428571428564,0.10380077323917497,0.28571428571428564
ACT,15,hazardous_disposal_tonnes,zinc_air_kg,15,0.0790543759397671,0.5785714285714285,0.0790543759397671,0.5785714285714285
ACT,15,hazardous_disposal_tonnes,chromium_air_kg,15,0.05732045691658712,0.10714285714285714,0.05732045691658712,0.10714285714285714
ACT,15,hazardous_disposal_tonnes,nickel_air_kg,15,0.04390545334765152,0.16785714285714282,0.04390545334765152,0.16785714285714282
ACT,15,hazardous_disposal_tonnes,pm10_air_kg,15,0.041504227374219105,0.532142857142857,0.041504227374219105,0.532142857142857
ACT,15,hazardous_disposal_tonnes,lead_land_kg,15,-0.041291301262954765,0.8037692290359052,0.041291301262954765,0.8037692290359052
ACT,15,hazardous_disposal_tonnes,pm10_land_kg,15,,,,
ACT,15,hazardous_disposal_tonnes,pm10_water_kg,15,,,,
ACT,15,hazardous_disposal_tonnes,pm25_land_kg,15,,,,
ACT,15,hazardous_disposal_tonnes,pm25_water_kg,15,,,,
ACT,15,hazardous_disposal_tonnes,tvoc_land_kg,15,,,,
ACT,15,hazardous_disposal_tonnes,tvoc_water_kg,15,,,,
ACT,15,hazardous_recycling_tonnes,zinc_land_kg,15,0.7829404058757372,0.916515138991168,0.7829404058757372,0.916515138991168
ACT,15,hazardous_recycling_tonnes,cadmium_land_kg,15,0.7816087346779748,0.916515138991168,0.7816087346779748,0.916515138991168
ACT,15,hazardous_recycling_tonnes,nickel_land_kg,15,0.7735396498675313,0.916515138991168,0.7735396498675313,0.916515138991168
ACT,15,hazardous_recycling_tonnes,chromium_land_kg,15,0.7697151299056109,0.916515138991168,0.7697151299056109,0.916515138991168
ACT,15,hazardous_recycling_tonnes,copper_land_kg,15,0.7096821195709123,0.916515138991168,0.7096821195709123,0.916515138991168
ACT,15,hazardous_recycling_tonnes,mercury_land_kg,15,0.7069566631622959,0.916515138991168,0.7069566631622959,0.916515138991168
ACT,15,hazardous_recycling_tonnes,lead_water_kg,15,0.6572872952553829,0.8579091897564933,0.6572872952553829,0.8579091897564933
ACT,15,hazardous_recycling_tonnes,total_land_emission_kg,15,0.4747928596452023,0.782142857142857,0.4747928596452023,0.782142857142857
ACT,15,hazardous_recycling_tonnes,total_water_emission_kg,15,0.41654201910848504,0.42857142857142855,0.41654201910848504,0.42857142857142855
ACT,15,hazardous_recycling_tonnes,cadmium_air_kg,15,-0.4003214179331962,-0.4428571428571427,0.4003214179331962,0.4428571428571427
ACT,15,hazardous_recycling_tonnes,lead_air_kg,15,-0.3352611213729121,-0.28571428571428564,0.3352611213729121,0.28571428571428564
ACT,15,hazardous_recycling_tonnes,pm10_air_kg,15,0.32680319895738513,0.5714285714285713,0.32680319895738513,0.5714285714285713
ACT,15,hazardous_recycling_tonnes,tvoc_air_kg,15,-0.32123489161658986,-0.457142857142857,0.32123489161658986,0.457142857142857
ACT,15,hazardous_recycling_tonnes,lead_land_kg,15,0.24852193497753144,0.916515138991168,0.24852193497753144,0.916515138991168
ACT,15,hazardous_recycling_tonnes,zinc_air_kg,15,0.23820674345376927,0.8499999999999999,0.23820674345376927,0.8499999999999999
ACT,15,hazardous_recycling_tonnes,zinc_water_kg,15,0.17252491712776355,0.09285714285714285,0.17252491712776355,0.09285714285714285
ACT,15,hazardous_recycling_tonnes,chromium_air_kg,15,0.16993109812161952,0.23571428571428568,0.16993109812161952,0.23571428571428568
ACT,15,hazardous_recycling_tonnes,nickel_air_kg,15,0.15085821443883415,0.3285714285714285,0.15085821443883415,0.3285714285714285
ACT,15,hazardous_recycling_tonnes,copper_water_kg,15,0.14903372751651972,-0.475,0.14903372751651972,0.475
ACT,15,hazardous_recycling_tonnes,pm25_air_kg,15,0.12720450871743347,0.42857142857142855,0.12720450871743347,0.42857142857142855
ACT,15,hazardous_recycling_tonnes,copper_air_kg,15,0.11651579669088347,0.35357142857142854,0.11651579669088347,0.35357142857142854
ACT,15,hazardous_recycling_tonnes,nickel_water_kg,15,0.10930568357422332,-0.457142857142857,0.10930568357422332,0.457142857142857
ACT,15,hazardous_recycling_tonnes,cadmium_water_kg,15,0.08967600950928195,0.014615681904837393,0.08967600950928195,0.014615681904837393
ACT,15,hazardous_recycling_tonnes,mercury_water_kg,15,0.07513650876335573,0.2834209518810208,0.07513650876335573,0.2834209518810208
ACT,15,hazardous_recycling_tonnes,chromium_water_kg,15,0.07429185789439545,-0.1881732517173217,0.07429185789439545,0.1881732517173217
ACT,15,hazardous_recycling_tonnes,total_air_emission_kg,15,-0.06517016261139094,0.16785714285714282,0.06517016261139094,0.16785714285714282
ACT,15,hazardous_recycling_tonnes,mercury_air_kg,15,-0.024374108024126515,-0.1464285714285714,0.024374108024126515,0.1464285714285714
ACT,15,hazardous_recycling_tonnes,pm10_land_kg,15,,,,
ACT,15,hazardous_recycling_tonnes,pm10_water_kg,15,,,,
ACT,15,hazardous_recycling_tonnes,pm25_land_kg,15,,,,
ACT,15,hazardous_recycling_tonnes,pm25_water_kg,15,,,,
ACT,15,hazardous_recycling_tonnes,tvoc_land_kg,15,,,,
ACT,15,hazardous_recycling_tonnes,tvoc_water_kg,15,,,,
NSW,15,ewaste_proxy_tonnes,tvoc_air_kg,15,-0.8001463657654175,-0.8535714285714284,0.8001463657654175,0.8535714285714284
NSW,15,ewaste_proxy_tonnes,lead_land_kg,15,0.7414795596862963,0.7321428571428571,0.7414795596862963,0.7321428571428571
NSW,15,ewaste_proxy_tonnes,zinc_land_kg,15,0.7154026605156425,0.6785714285714285,0.7154026605156425,0.6785714285714285
NSW,15,ewaste_proxy_tonnes,lead_air_kg,15,0.7010312599505741,0.6785714285714285,0.7010312599505741,0.6785714285714285
NSW,15,ewaste_proxy_tonnes,total_air_emission_kg,15,-0.6516030649384386,-0.8999999999999999,0.6516030649384386,0.8999999999999999
NSW,15,ewaste_proxy_tonnes,copper_water_kg,15,0.6383595286284489,0.6321428571428571,0.6383595286284489,0.6321428571428571
NSW,15,ewaste_proxy_tonnes,zinc_air_kg,15,0.5935426004272814,0.5678571428571427,0.5935426004272814,0.5678571428571427
NSW,15,ewaste_proxy_tonnes,mercury_air_kg,15,-0.5565997522769467,-0.7428571428571428,0.5565997522769467,0.7428571428571428
NSW,15,ewaste_proxy_tonnes,copper_air_kg,15,0.5344131448308774,0.47142857142857136,0.5344131448308774,0.47142857142857136
NSW,15,ewaste_proxy_tonnes,zinc_water_kg,15,-0.5209265302356656,-0.6678571428571428,0.5209265302356656,0.6678571428571428
NSW,15,ewaste_proxy_tonnes,mercury_water_kg,15,-0.5068906252461189,-0.6464285714285712,0.5068906252461189,0.6464285714285712
NSW,15,ewaste_proxy_tonnes,total_water_emission_kg,15,0.4953731882148206,0.457142857142857,0.4953731882148206,0.457142857142857
NSW,15,ewaste_proxy_tonnes,pm10_air_kg,15,0.4808282381890956,0.48214285714285704,0.4808282381890956,0.48214285714285704
NSW,15,ewaste_proxy_tonnes,chromium_air_kg,15,0.4437819248726891,0.5464285714285714,0.4437819248726891,0.5464285714285714
NSW,15,ewaste_proxy_tonnes,total_land_emission_kg,15,0.4229132301152678,0.557142857142857,0.4229132301152678,0.557142857142857
NSW,15,ewaste_proxy_tonnes,cadmium_water_kg,15,-0.3918209713297725,-0.5357142857142856,0.3918209713297725,0.5357142857142856
NSW,15,ewaste_proxy_tonnes,nickel_water_kg,15,-0.3913958681664063,-0.12142857142857141,0.3913958681664063,0.12142857142857141
NSW,15,ewaste_proxy_tonnes,chromium_water_kg,15,-0.38713296361542765,-0.8035714285714284,0.38713296361542765,0.8035714285714284
NSW,15,ewaste_proxy_tonnes,cadmium_air_kg,15,0.29891537625493114,0.3,0.29891537625493114,0.3
NSW,15,ewaste_proxy_tonnes,cadmium_land_kg,15,0.28805175006113165,-0.035714285714285705,0.28805175006113165,0.035714285714285705
NSW,15,ewaste_proxy_tonnes,tvoc_land_kg,15,-0.2740857495783125,-0.37115374447904503,0.2740857495783125,0.37115374447904503
NSW,15,ewaste_proxy_tonnes,tvoc_water_kg,15,-0.27408574957831244,-0.37115374447904503,0.27408574957831244,0.37115374447904503
NSW,15,ewaste_proxy_tonnes,lead_water_kg,15,-0.2434655319851716,-0.5214285714285714,0.2434655319851716,0.5214285714285714
NSW,15,ewaste_proxy_tonnes,nickel_land_kg,15,0.24167269672091812,0.07142857142857141,0.24167269672091812,0.07142857142857141
NSW,15,ewaste_proxy_tonnes,chromium_land_kg,15,0.23360081640852204,0.3,0.23360081640852204,0.3
NSW,15,ewaste_proxy_tonnes,mercury_land_kg,15,0.17542254519219602,0.37857142857142856,0.17542254519219602,0.37857142857142856
NSW,15,ewaste_proxy_tonnes,pm25_air_kg,15,-0.17482772250338233,-0.4035714285714285,0.17482772250338233,0.4035714285714285
NSW,15,ewaste_proxy_tonnes,nickel_air_kg,15,0.12918264335324872,0.13928571428571426,0.12918264335324872,0.13928571428571426
NSW,15,ewaste_proxy_tonnes,copper_land_kg,15,-0.1007311130763049,-0.04642857142857142,0.1007311130763049,0.04642857142857142
NSW,15,ewaste_proxy_tonnes,pm10_land_kg,15,,,,
NSW,15,ewaste_proxy_tonnes,pm10_water_kg,15,,,,
NSW,15,ewaste_proxy_tonnes,pm25_land_kg,15,,,,
NSW,15,ewaste_proxy_tonnes,pm25_water_kg,15,,,,
NSW,15,hazardous_disposal_tonnes,tvoc_air_kg,15,-0.8130606899097483,-0.8392857142857142,0.8130606899097483,0.8392857142857142
NSW,15,hazardous_disposal_tonnes,lead_land_kg,15,0.7847563376530872,0.7107142857142856,0.7847563376530872,0.7107142857142856
NSW,15,hazardous_disposal_tonnes,zinc_land_kg,15,0.7579239910508169,0.6535714285714285,0.7579239910508169,0.6535714285714285
NSW,15,hazardous_disposal_tonnes,lead_air_kg,15,0.7168836582519983,0.7249999999999999,0.7168836582519983,0.7249999999999999
NSW,15,hazardous_disposal_tonnes,copper_water_kg,15,0.6925920524195331,0.682142857142857,0.6925920524195331,0.682142857142857
NSW,15,hazardous_disposal_tonnes,total_air_emission_kg,15,-0.6526914098317136,-0.8785714285714284,0.6526914098317136,0.8785714285714284
NSW,15,hazardous_disposal_tonnes,zinc_air_kg,15,0.6131404560918114,0.6214285714285712,0.6131404560918114,0.6214285714285712
NSW,15,hazardous_disposal_tonnes,zinc_water_kg,15,-0.564157470189837,-0.7,0.564157470189837,0.7
NSW,15,hazardous_disposal_tonnes,mercury_air_kg,15,-0.531382013331924,-0.7178571428571427,0.531382013331924,0.7178571428571427
NSW,15,hazardous_disposal_tonnes,copper_air_kg,15,0.5052689891143639,0.43214285714285705,0.5052689891143639,0.43214285714285705
NSW,15,hazardous_disposal_tonnes,total_water_emission_kg,15,0.4941509530698097,0.475,0.4941509530698097,0.475
NSW,15,hazardous_disposal_tonnes,mercury_water_kg,15,-0.4928323412885269,-0.5964285714285712,0.4928323412885269,0.5964285714285712
NSW,15,hazardous_disposal_tonnes,pm10_air_kg,15,0.49097021743199376,0.4928571428571427,0.49097021743199376,0.4928571428571427
NSW,15,hazardous_disposal_tonnes,total_land_emission_kg,15,0.4641315425623659,0.575,0.4641315425623659,0.575
NSW,15,hazardous_disposal_tonnes,chromium_air_kg,15,0.45192053047671593,0.5928571428571427,0.45192053047671593,0.5928571428571427
NSW,15,hazardous_disposal_tonnes,nickel_water_kg,15,-0.4391133626223542,-0.21071428571428572,0.4391133626223542,0.21071428571428572
NSW,15,hazardous_disposal_tonnes,chromium_water_kg,15,-0.4121365638717932,-0.8035714285714284,0.4121365638717932,0.8035714285714284
NSW,15,hazardous_disposal_tonnes,cadmium_water_kg,15,-0.3986764188607139,-0.5785714285714285,0.3986764188607139,0.5785714285714285
NSW,15,hazardous_disposal_tonnes,cadmium_land_kg,15,0.286218218547963,-0.04642857142857142,0.286218218547963,0.04642857142857142
NSW,15,hazardous_disposal_tonnes,cadmium_air_kg,15,0.2700668164042706,0.23928571428571427,0.2700668164042706,0.23928571428571427
NSW,15,hazardous_disposal_tonnes,tvoc_water_kg,15,-0.2647412100835163,-0.3092947870658709,0.2647412100835163,0.3092947870658709
NSW,15,hazardous_disposal_tonnes,tvoc_land_kg,15,-0.26474121008351625,-0.3092947870658709,0.26474121008351625,0.3092947870658709
NSW,15,hazardous_disposal_tonnes,lead_water_kg,15,-0.2589336922560203,-0.475,0.2589336922560203,0.475
NSW,15,hazardous_disposal_tonnes,nickel_land_kg,15,0.24650890132224187,0.06428571428571428,0.24650890132224187,0.06428571428571428
NSW,15,hazardous_disposal_tonnes,mercury_land_kg,15,0.2274800632464016,0.38928571428571423,0.2274800632464016,0.38928571428571423
NSW,15,hazardous_disposal_tonnes,chromium_land_kg,15,0.21144377656188204,0.1928571428571428,0.21144377656188204,0.1928571428571428
NSW,15,hazardous_disposal_tonnes,pm25_air_kg,15,-0.2059547933545025,-0.4535714285714285,0.2059547933545025,0.4535714285714285
NSW,15,hazardous_disposal_tonnes,nickel_air_kg,15,0.1128359080260293,0.18928571428571428,0.1128359080260293,0.18928571428571428
NSW,15,hazardous_disposal_tonnes,copper_land_kg,15,-0.052251905728986574,-0.04285714285714285,0.052251905728986574,0.04285714285714285
NSW,15,hazardous_disposal_tonnes,pm10_land_kg,15,,,,
NSW,15,hazardous_disposal_tonnes,pm10_water_kg,15,,,,
NSW,15,hazardous_disposal_tonnes,pm25_land_kg,15,,,,
NSW,15,hazardous_disposal_tonnes,pm25_water_kg,15,,,,
NSW,15,hazardous_recycling_tonnes,copper_land_kg,15,-0.44985954697187275,-0.3071428571428571,0.44985954697187275,0.3071428571428571
NSW,15,hazardous_recycling_tonnes,mercury_land_kg,15,-0.42811808925574935,-0.3714285714285714,0.42811808925574935,0.3714285714285714
NSW,15,hazardous_recycling_tonnes,mercury_air_kg,15,-0.3776553289797766,-0.6035714285714285,0.3776553289797766,0.6035714285714285
NSW,15,hazardous_recycling_tonnes,copper_air_kg,15,0.3627768653852649,0.28571428571428564,0.3627768653852649,0.28571428571428564
NSW,15,hazardous_recycling_tonnes,cadmium_air_kg,15,0.35104419122360636,0.46071428571428563,0.35104419122360636,0.46071428571428563
NSW,15,hazardous_recycling_tonnes,copper_water_kg,15,-0.32218927297509675,-0.2928571428571428,0.32218927297509675,0.2928571428571428
NSW,15,hazardous_recycling_tonnes,nickel_water_kg,15,0.2800134029206726,0.3607142857142856,0.2800134029206726,0.3607142857142856
NSW,15,hazardous_recycling_tonnes,mercury_water_kg,15,-0.26613311430633185,-0.44999999999999996,0.26613311430633185,0.44999999999999996
NSW,15,hazardous_recycling_tonnes,pm25_air_kg,15,0.2284139581309249,0.42499999999999993,0.2284139581309249,0.42499999999999993
NSW,15,hazardous_recycling_tonnes,zinc_land_kg,15,-0.20931385652855025,-0.05357142857142857,0.20931385652855025,0.05357142857142857
NSW,15,hazardous_recycling_tonnes,lead_land_kg,15,-0.20801190579418002,0.010714285714285713,0.20801190579418002,0.010714285714285713
NSW,15,hazardous_recycling_tonnes,zinc_water_kg,15,0.205282113983128,-0.014285714285714282,0.205282113983128,0.014285714285714282
NSW,15,hazardous_recycling_tonnes,nickel_air_kg,15,0.2052098221147972,0.18928571428571428,0.2052098221147972,0.18928571428571428
NSW,15,hazardous_recycling_tonnes,total_land_emission_kg,15,-0.20191162384181485,-0.11428571428571425,0.20191162384181485,0.11428571428571425
NSW,15,hazardous_recycling_tonnes,chromium_land_kg,15,0.17589484915397613,0.2785714285714285,0.17589484915397613,0.2785714285714285
NSW,15,hazardous_recycling_tonnes,total_air_emission_kg,15,-0.16557498825829217,-0.1714285714285714,0.16557498825829217,0.1714285714285714
NSW,15,hazardous_recycling_tonnes,tvoc_land_kg,15,-0.15552447174916603,-0.24743582965269673,0.15552447174916603,0.24743582965269673
NSW,15,hazardous_recycling_tonnes,tvoc_water_kg,15,-0.15552447174916603,-0.24743582965269673,0.15552447174916603,0.24743582965269673
NSW,15,hazardous_recycling_tonnes,chromium_water_kg,15,0.13914340140894907,-0.017857142857142853,0.13914340140894907,0.017857142857142853
NSW,15,hazardous_recycling_tonnes,total_water_emission_kg,15,0.11650531703233577,0.09285714285714285,0.11650531703233577,0.09285714285714285
NSW,15,hazardous_recycling_tonnes,cadmium_land_kg,15,0.09752942212952634,0.125,0.09752942212952634,0.125
NSW,15,hazardous_recycling_tonnes,lead_water_kg,15,0.08759979398622167,-0.0964285714285714,0.08759979398622167,0.0964285714285714
NSW,15,hazardous_recycling_tonnes,tvoc_air_kg,15,-0.08415786945150687,-0.1357142857142857,0.08415786945150687,0.1357142857142857
NSW,15,hazardous_recycling_tonnes,chromium_air_kg,15,0.07711403720444827,0.175,0.07711403720444827,0.175
NSW,15,hazardous_recycling_tonnes,pm10_air_kg,15,0.06536046405804924,0.2678571428571428,0.06536046405804924,0.2678571428571428
NSW,15,hazardous_recycling_tonnes,lead_air_kg,15,0.05325943938561272,0.3214285714285714,0.05325943938561272,0.3214285714285714
NSW,15,hazardous_recycling_tonnes,cadmium_water_kg,15,-0.040218304044510426,-0.0035714285714285704,0.040218304044510426,0.0035714285714285704
NSW,15,hazardous_recycling_tonnes,nickel_land_kg,15,0.03151272862637636,-0.175,0.03151272862637636,0.175
NSW,15,hazardous_recycling_tonnes,zinc_air_kg,15,0.0030421850613223463,0.25357142857142856,0.0030421850613223463,0.25357142857142856
NSW,15,hazardous_recycling_tonnes,pm10_land_kg,15,,,,
NSW,15,hazardous_recycling_tonnes,pm10_water_kg,15,,,,
NSW,15,hazardous_recycling_tonnes,pm25_land_kg,15,,,,
NSW,15,hazardous_recycling_tonnes,pm25_water_kg,15,,,,
NT,15,ewaste_proxy_tonnes,tvoc_air_kg,15,0.8473116855116638,0.18928571428571428,0.8473116855116638,0.18928571428571428
NT,15,ewaste_proxy_tonnes,pm10_air_kg,15,0.7565220005972481,0.35,0.7565220005972481,0.35
NT,15,ewaste_proxy_tonnes,mercury_land_kg,15,0.7088291132250889,0.3428571428571428,0.7088291132250889,0.3428571428571428
NT,15,ewaste_proxy_tonnes,zinc_air_kg,15,-0.41866132524571587,-0.05714285714285713,0.41866132524571587,0.05714285714285713
NT,15,ewaste_proxy_tonnes,cadmium_land_kg,15,0.41206583226686544,0.08928571428571427,0.41206583226686544,0.08928571428571427
NT,15,ewaste_proxy_tonnes,cadmium_air_kg,15,-0.41184551981307227,-0.09999999999999999,0.41184551981307227,0.09999999999999999
NT,15,ewaste_proxy_tonnes,copper_air_kg,15,-0.3684164746103499,0.11071428571428568,0.3684164746103499,0.11071428571428568
NT,15,ewaste_proxy_tonnes,mercury_air_kg,15,-0.36674337722237116,0.014285714285714282,0.36674337722237116,0.014285714285714282
NT,15,ewaste_proxy_tonnes,chromium_air_kg,15,0.3488569769231008,0.5535714285714285,0.3488569769231008,0.5535714285714285
NT,15,ewaste_proxy_tonnes,total_air_emission_kg,15,0.34450855502574124,0.6,0.34450855502574124,0.6
NT,15,ewaste_proxy_tonnes,total_land_emission_kg,15,0.33254735605995406,0.27499999999999997,0.33254735605995406,0.27499999999999997
NT,15,ewaste_proxy_tonnes,nickel_air_kg,15,-0.3228868969223543,0.3607142857142856,0.3228868969223543,0.3607142857142856
NT,15,ewaste_proxy_tonnes,cadmium_water_kg,15,-0.31607209088715077,-0.3214285714285714,0.31607209088715077,0.3214285714285714
NT,15,ewaste_proxy_tonnes,copper_water_kg,15,-0.24073084130897715,-0.0035714285714285704,0.24073084130897715,0.0035714285714285704
NT,15,ewaste_proxy_tonnes,lead_water_kg,15,-0.2207181369900957,0.007142857142857141,0.2207181369900957,0.007142857142857141
NT,15,ewaste_proxy_tonnes,nickel_water_kg,15,-0.19530443596105626,0.2642857142857143,0.19530443596105626,0.2642857142857143
NT,15,ewaste_proxy_tonnes,lead_air_kg,15,-0.14496500896068687,-0.12142857142857141,0.14496500896068687,0.12142857142857141
NT,15,ewaste_proxy_tonnes,pm25_air_kg,15,-0.13905735194258276,0.34642857142857136,0.13905735194258276,0.34642857142857136
NT,15,ewaste_proxy_tonnes,tvoc_water_kg,15,-0.1370990669735651,-0.24743582965269673,0.1370990669735651,0.24743582965269673
NT,15,ewaste_proxy_tonnes,tvoc_land_kg,15,-0.13709906697356505,-0.24743582965269673,0.13709906697356505,0.24743582965269673
NT,15,ewaste_proxy_tonnes,zinc_land_kg,15,0.13523575406345104,0.1464285714285714,0.13523575406345104,0.1464285714285714
NT,15,ewaste_proxy_tonnes,nickel_land_kg,15,-0.1120594974950491,0.10714285714285714,0.1120594974950491,0.10714285714285714
NT,15,ewaste_proxy_tonnes,chromium_land_kg,15,-0.10000341980907963,0.049999999999999996,0.10000341980907963,0.049999999999999996
NT,15,ewaste_proxy_tonnes,total_water_emission_kg,15,0.098827426944002,0.06428571428571428,0.098827426944002,0.06428571428571428
NT,15,ewaste_proxy_tonnes,copper_land_kg,15,-0.098556497281584,-0.3857142857142856,0.098556497281584,0.3857142857142856
NT,15,ewaste_proxy_tonnes,mercury_water_kg,15,0.05373521193160784,-0.1357142857142857,0.05373521193160784,0.1357142857142857
NT,15,ewaste_proxy_tonnes,zinc_water_kg,15,-0.03796265235917372,0.22499999999999998,0.03796265235917372,0.22499999999999998
NT,15,ewaste_proxy_tonnes,lead_land_kg,15,-0.011884538307083569,-0.0035714285714285704,0.011884538307083569,0.0035714285714285704
NT,15,ewaste_proxy_tonnes,chromium_water_kg,15,-0.0047134872799464425,0.23928571428571427,0.0047134872799464425,0.23928571428571427
NT,15,ewaste_proxy_tonnes,pm10_land_kg,15,,,,
NT,15,ewaste_proxy_tonnes,pm10_water_kg,15,,,,
NT,15,ewaste_proxy_tonnes,pm25_land_kg,15,,,,
NT,15,ewaste_proxy_tonnes,pm25_water_kg,15,,,,
NT,15,hazardous_disposal_tonnes,pm10_air_kg,15,0.8246439026517345,0.8178571428571428,0.8246439026517345,0.8178571428571428
NT,15,hazardous_disposal_tonnes,tvoc_air_kg,15,0.7861667639084684,0.5428571428571428,0.7861667639084684,0.5428571428571428
NT,15,hazardous_disposal_tonnes,mercury_land_kg,15,0.769101911066444,0.6714285714285713,0.769101911066444,0.6714285714285713
NT,15,hazardous_disposal_tonnes,zinc_air_kg,15,-0.4283253706794157,-0.8035714285714284,0.4283253706794157,0.8035714285714284
NT,15,hazardous_disposal_tonnes,cadmium_air_kg,15,-0.42212312195832447,-0.8642857142857141,0.42212312195832447,0.8642857142857141
NT,15,hazardous_disposal_tonnes,mercury_air_kg,15,-0.40610455316395155,-0.7499999999999999,0.40610455316395155,0.7499999999999999
NT,15,hazardous_disposal_tonnes,copper_air_kg,15,-0.37370711207889246,-0.6749999999999999,0.37370711207889246,0.6749999999999999
NT,15,hazardous_disposal_tonnes,nickel_air_kg,15,-0.37296290340594046,-0.575,0.37296290340594046,0.575
NT,15,hazardous_disposal_tonnes,chromium_air_kg,15,0.36304823331251646,0.5428571428571428,0.36304823331251646,0.5428571428571428
NT,15,hazardous_disposal_tonnes,cadmium_water_kg,15,-0.34013564619462533,-0.6607142857142856,0.34013564619462533,0.6607142857142856
NT,15,hazardous_disposal_tonnes,total_water_emission_kg,15,0.3369554484164786,0.47857142857142854,0.3369554484164786,0.47857142857142854
NT,15,hazardous_disposal_tonnes,copper_water_kg,15,-0.28280739553977674,-0.6749999999999999,0.28280739553977674,0.6749999999999999
NT,15,hazardous_disposal_tonnes,total_air_emission_kg,15,0.276768300670979,-0.04642857142857142,0.276768300670979,0.04642857142857142
NT,15,hazardous_disposal_tonnes,total_land_emission_kg,15,0.26600783159441854,-0.2321428571428571,0.26600783159441854,0.2321428571428571
NT,15,hazardous_disposal_tonnes,lead_water_kg,15,-0.19322753640362034,0.2285714285714285,0.19322753640362034,0.2285714285714285
NT,15,hazardous_disposal_tonnes,copper_land_kg,15,-0.17063009698144674,-0.3107142857142856,0.17063009698144674,0.3107142857142856
NT,15,hazardous_disposal_tonnes,pm25_air_kg,15,-0.16964331126206278,-0.33571428571428563,0.16964331126206278,0.33571428571428563
NT,15,hazardous_disposal_tonnes,tvoc_water_kg,15,-0.13838403600245155,-0.43301270189221924,0.13838403600245155,0.43301270189221924
NT,15,hazardous_disposal_tonnes,tvoc_land_kg,15,-0.1383840360024515,-0.43301270189221924,0.1383840360024515,0.43301270189221924
NT,15,hazardous_disposal_tonnes,zinc_water_kg,15,-0.11677759980085348,0.4428571428571427,0.11677759980085348,0.4428571428571427
NT,15,hazardous_disposal_tonnes,nickel_land_kg,15,-0.11506798005661789,-0.2642857142857143,0.11506798005661789,0.2642857142857143
NT,15,hazardous_disposal_tonnes,chromium_land_kg,15,-0.11200400826996433,-0.2607142857142857,0.11200400826996433,0.2607142857142857
NT,15,hazardous_disposal_tonnes,nickel_water_kg,15,-0.10692544956683837,0.2321428571428571,0.10692544956683837,0.2321428571428571
NT,15,hazardous_disposal_tonnes,zinc_land_kg,15,-0.10531184107141336,0.024999999999999998,0.10531184107141336,0.024999999999999998
NT,15,hazardous_disposal_tonnes,lead_air_kg,15,-0.10097174505918208,0.07857142857142857,0.10097174505918208,0.07857142857142857
NT,15,hazardous_disposal_tonnes,cadmium_land_kg,15,0.0879118236646537,0.25357142857142856,0.0879118236646537,0.25357142857142856
NT,15,hazardous_disposal_tonnes,lead_land_kg,15,-0.07873667187621868,0.1714285714285714,0.07873667187621868,0.1714285714285714
NT,15,hazardous_disposal_tonnes,chromium_water_kg,15,0.0641859850462707,0.17857142857142855,0.0641859850462707,0.17857142857142855
NT,15,hazardous_disposal_tonnes,mercury_water_kg,15,0.04756982047193161,-0.1464285714285714,0.04756982047193161,0.1464285714285714
NT,15,hazardous_disposal_tonnes,pm10_land_kg,15,,,,
NT,15,hazardous_disposal_tonnes,pm10_water_kg,15,,,,
NT,15,hazardous_disposal_tonnes,pm25_land_kg,15,,,,
NT,15,hazardous_disposal_tonnes,pm25_water_kg,15,,,,
NT,15,hazardous_recycling_tonnes,tvoc_air_kg,15,0.6286603598163558,0.1357142857142857,0.6286603598163558,0.1357142857142857
NT,15,hazardous_recycling_tonnes,cadmium_land_kg,15,0.5877439142617852,0.18928571428571428,0.5877439142617852,0.18928571428571428
NT,15,hazardous_recycling_tonnes,pm10_air_kg,15,0.44164735618104317,0.3321428571428571,0.44164735618104317,0.3321428571428571
NT,15,hazardous_recycling_tonnes,mercury_land_kg,15,0.4202524040084198,0.3428571428571428,0.4202524040084198,0.3428571428571428
NT,15,hazardous_recycling_tonnes,zinc_land_kg,15,0.3175403965175539,0.2714285714285714,0.3175403965175539,0.2714285714285714
NT,15,hazardous_recycling_tonnes,total_land_emission_kg,15,0.2856537271471164,0.38214285714285706,0.2856537271471164,0.38214285714285706
NT,15,hazardous_recycling_tonnes,total_air_emission_kg,15,0.28502362374552404,0.6428571428571428,0.28502362374552404,0.6428571428571428
NT,15,hazardous_recycling_tonnes,zinc_air_kg,15,-0.2772748277831266,-0.014285714285714282,0.2772748277831266,0.014285714285714282
NT,15,hazardous_recycling_tonnes,cadmium_air_kg,15,-0.27081151918610596,-0.04642857142857142,0.27081151918610596,0.04642857142857142
NT,15,hazardous_recycling_tonnes,copper_air_kg,15,-0.24679234780276008,0.11428571428571425,0.24679234780276008,0.11428571428571425
NT,15,hazardous_recycling_tonnes,chromium_air_kg,15,0.2225820088307232,0.43214285714285705,0.2225820088307232,0.43214285714285705
NT,15,hazardous_recycling_tonnes,mercury_air_kg,15,-0.21519039655284466,0.10357142857142855,0.21519039655284466,0.10357142857142855
NT,15,hazardous_recycling_tonnes,nickel_water_kg,15,-0.21355084195507423,0.09285714285714285,0.21355084195507423,0.09285714285714285
NT,15,hazardous_recycling_tonnes,cadmium_water_kg,15,-0.19367948502843646,-0.18928571428571428,0.19367948502843646,0.18928571428571428
NT,15,hazardous_recycling_tonnes,lead_water_kg,15,-0.1762426056006937,-0.06785714285714285,0.1762426056006937,0.06785714285714285
NT,15,hazardous_recycling_tonnes,nickel_air_kg,15,-0.17557855958370136,0.38214285714285706,0.17557855958370136,0.38214285714285706
NT,15,hazardous_recycling_tonnes,total_water_emission_kg,15,-0.149814717460937,-0.03214285714285714,0.149814717460937,0.03214285714285714
NT,15,hazardous_recycling_tonnes,lead_air_kg,15,-0.14045240750956464,-0.15,0.14045240750956464,0.15
NT,15,hazardous_recycling_tonnes,copper_water_kg,15,-0.11716651544246386,0.0,0.11716651544246386,0.0
NT,15,hazardous_recycling_tonnes,tvoc_land_kg,15,-0.09167169491489643,-0.18557687223952252,0.09167169491489643,0.18557687223952252
NT,15,hazardous_recycling_tonnes,tvoc_water_kg,15,-0.09167169491489642,-0.18557687223952252,0.09167169491489642,0.18557687223952252
NT,15,hazardous_recycling_tonnes,chromium_water_kg,15,-0.07600501992819729,0.28928571428571426,0.07600501992819729,0.28928571428571426
NT,15,hazardous_recycling_tonnes,nickel_land_kg,15,-0.07420619408600428,0.2178571428571428,0.07420619408600428,0.2178571428571428
NT,15,hazardous_recycling_tonnes,pm25_air_kg,15,-0.06752613578430261,0.3928571428571428,0.06752613578430261,0.3928571428571428
NT,15,hazardous_recycling_tonnes,chromium_land_kg,15,-0.060066613583854254,0.16785714285714282,0.060066613583854254,0.16785714285714282
NT,15,hazardous_recycling_tonnes,zinc_water_kg,15,0.057543045361112044,0.125,0.057543045361112044,0.125
NT,15,hazardous_recycling_tonnes,lead_land_kg,15,0.05556318918562262,0.08214285714285713,0.05556318918562262,0.08214285714285713
NT,15,hazardous_recycling_tonnes,mercury_water_kg,15,0.02939088917275424,-0.039285714285714285,0.02939088917275424,0.039285714285714285
NT,15,hazardous_recycling_tonnes,copper_land_kg,15,0.0019863132674639637,-0.2714285714285714,0.0019863132674639637,0.2714285714285714
NT,15,hazardous_recycling_tonnes,pm10_land_kg,15,,,,
NT,15,hazardous_recycling_tonnes,pm10_water_kg,15,,,,
NT,15,hazardous_recycling_tonnes,pm25_land_kg,15,,,,
NT,15,hazardous_recycling_tonnes,pm25_water_kg,15,,,,
QLD,15,ewaste_proxy_tonnes,mercury_air_kg,15,0.4204992096280979,0.4464285714285714,0.4204992096280979,0.4464285714285714
QLD,15,ewaste_proxy_tonnes,zinc_water_kg,15,-0.3530709717374742,-0.6249999999999999,0.3530709717374742,0.6249999999999999
QLD,15,ewaste_proxy_tonnes,total_air_emission_kg,15,0.34057140025777355,0.4928571428571427,0.34057140025777355,0.4928571428571427
QLD,15,ewaste_proxy_tonnes,copper_water_kg,15,-0.32776396240819106,-0.5071428571428571,0.32776396240819106,0.5071428571428571
QLD,15,ewaste_proxy_tonnes,mercury_water_kg,15,0.32321582696591966,0.27499999999999997,0.32321582696591966,0.27499999999999997
QLD,15,ewaste_proxy_tonnes,tvoc_air_kg,15,-0.3128066110199464,-0.2642857142857143,0.3128066110199464,0.2642857142857143
QLD,15,ewaste_proxy_tonnes,cadmium_air_kg,15,-0.29202585741555953,-0.37499999999999994,0.29202585741555953,0.37499999999999994
QLD,15,ewaste_proxy_tonnes,pm10_air_kg,15,0.22194996244020204,0.42142857142857143,0.22194996244020204,0.42142857142857143
QLD,15,ewaste_proxy_tonnes,copper_air_kg,15,0.21377035515312248,0.11428571428571425,0.21377035515312248,0.11428571428571425
QLD,15,ewaste_proxy_tonnes,nickel_water_kg,15,0.1931244798202318,-0.20357142857142854,0.1931244798202318,0.20357142857142854
QLD,15,ewaste_proxy_tonnes,chromium_water_kg,15,0.17963055125350297,-0.12857142857142856,0.17963055125350297,0.12857142857142856
QLD,15,ewaste_proxy_tonnes,lead_water_kg,15,-0.17600872797635442,-0.1357142857142857,0.17600872797635442,0.1357142857142857
QLD,15,ewaste_proxy_tonnes,tvoc_water_kg,15,-0.16228781550008844,-0.12371791482634836,0.16228781550008844,0.12371791482634836
QLD,15,ewaste_proxy_tonnes,tvoc_land_kg,15,-0.16228781550008836,-0.12371791482634836,0.16228781550008836,0.12371791482634836
QLD,15,ewaste_proxy_tonnes,total_land_emission_kg,15,0.15985822767118282,0.13214285714285715,0.15985822767118282,0.13214285714285715
QLD,15,ewaste_proxy_tonnes,zinc_land_kg,15,-0.14961589965476813,-0.10714285714285714,0.14961589965476813,0.10714285714285714
QLD,15,ewaste_proxy_tonnes,mercury_land_kg,15,0.14601362654969044,0.2714285714285714,0.14601362654969044,0.2714285714285714
QLD,15,ewaste_proxy_tonnes,copper_land_kg,15,-0.1459352805181656,0.09285714285714285,0.1459352805181656,0.09285714285714285
QLD,15,ewaste_proxy_tonnes,pm25_air_kg,15,0.14226033081023812,0.2964285714285714,0.14226033081023812,0.2964285714285714
QLD,15,ewaste_proxy_tonnes,chromium_land_kg,15,0.07568624984463714,-0.06785714285714285,0.07568624984463714,0.06785714285714285
QLD,15,ewaste_proxy_tonnes,lead_air_kg,15,-0.052208651207821775,-0.3178571428571428,0.052208651207821775,0.3178571428571428
QLD,15,ewaste_proxy_tonnes,lead_land_kg,15,-0.045035460229291016,-0.024999999999999998,0.045035460229291016,0.024999999999999998
QLD,15,ewaste_proxy_tonnes,nickel_land_kg,15,-0.03434280236461492,-0.05357142857142857,0.03434280236461492,0.05357142857142857
QLD,15,ewaste_proxy_tonnes,cadmium_land_kg,15,0.030364410036231675,0.010714285714285713,0.030364410036231675,0.010714285714285713
QLD,15,ewaste_proxy_tonnes,chromium_air_kg,15,-0.029180392961214253,0.21071428571428572,0.029180392961214253,0.21071428571428572
QLD,15,ewaste_proxy_tonnes,nickel_air_kg,15,-0.016763159179728135,-0.14285714285714282,0.016763159179728135,0.14285714285714282
QLD,15,ewaste_proxy_tonnes,zinc_air_kg,15,-0.0064903669158939145,-0.19999999999999998,0.0064903669158939145,0.19999999999999998
QLD,15,ewaste_proxy_tonnes,total_water_emission_kg,15,-0.005183291754329495,-0.16785714285714282,0.005183291754329495,0.16785714285714282
QLD,15,ewaste_proxy_tonnes,cadmium_water_kg,15,0.0030171608632534636,0.049999999999999996,0.0030171608632534636,0.049999999999999996
QLD,15,ewaste_proxy_tonnes,pm10_land_kg,15,,,,
QLD,15,ewaste_proxy_tonnes,pm10_water_kg,15,,,,
QLD,15,ewaste_proxy_tonnes,pm25_land_kg,15,,,,
QLD,15,ewaste_proxy_tonnes,pm25_water_kg,15,,,,
QLD,15,hazardous_disposal_tonnes,copper_air_kg,15,0.39361817463496324,0.28928571428571426,0.39361817463496324,0.28928571428571426
QLD,15,hazardous_disposal_tonnes,chromium_water_kg,15,0.3621166213284232,0.1964285714285714,0.3621166213284232,0.1964285714285714
QLD,15,hazardous_disposal_tonnes,mercury_water_kg,15,0.30750920275619853,0.04285714285714285,0.30750920275619853,0.04285714285714285
QLD,15,hazardous_disposal_tonnes,mercury_air_kg,15,0.28614291066497943,0.3714285714285714,0.28614291066497943,0.3714285714285714
QLD,15,hazardous_disposal_tonnes,chromium_air_kg,15,-0.2557180048551415,-0.039285714285714285,0.2557180048551415,0.039285714285714285
QLD,15,hazardous_disposal_tonnes,cadmium_land_kg,15,0.25309557376441294,0.2678571428571428,0.25309557376441294,0.2678571428571428
QLD,15,hazardous_disposal_tonnes,zinc_air_kg,15,0.2518230798858293,-0.0035714285714285704,0.2518230798858293,0.0035714285714285704
QLD,15,hazardous_disposal_tonnes,lead_air_kg,15,0.20887218365799476,-0.06428571428571428,0.20887218365799476,0.06428571428571428
QLD,15,hazardous_disposal_tonnes,total_land_emission_kg,15,0.20085373624156544,0.21428571428571427,0.20085373624156544,0.21428571428571427
QLD,15,hazardous_disposal_tonnes,mercury_land_kg,15,0.1821584150284229,0.4357142857142856,0.1821584150284229,0.4357142857142856
QLD,15,hazardous_disposal_tonnes,zinc_water_kg,15,-0.17570831707396523,-0.4535714285714285,0.17570831707396523,0.4535714285714285
QLD,15,hazardous_disposal_tonnes,cadmium_water_kg,15,0.17353011303757587,0.25,0.17353011303757587,0.25
QLD,15,hazardous_disposal_tonnes,nickel_land_kg,15,-0.15296196631521455,-0.15357142857142855,0.15296196631521455,0.15357142857142855
QLD,15,hazardous_disposal_tonnes,copper_water_kg,15,-0.14966052083805012,-0.38214285714285706,0.14966052083805012,0.38214285714285706
QLD,15,hazardous_disposal_tonnes,lead_land_kg,15,0.12903639604796108,0.16428571428571426,0.12903639604796108,0.16428571428571426
QLD,15,hazardous_disposal_tonnes,nickel_air_kg,15,-0.1283723700305278,-0.1964285714285714,0.1283723700305278,0.1964285714285714
QLD,15,hazardous_disposal_tonnes,zinc_land_kg,15,-0.11974395911351501,-0.15,0.11974395911351501,0.15
QLD,15,hazardous_disposal_tonnes,pm10_air_kg,15,-0.11788793202301376,0.0035714285714285704,0.11788793202301376,0.0035714285714285704
QLD,15,hazardous_disposal_tonnes,tvoc_air_kg,15,-0.11102899404603807,0.010714285714285713,0.11102899404603807,0.010714285714285713
QLD,15,hazardous_disposal_tonnes,pm25_air_kg,15,-0.10427610969656918,0.0035714285714285704,0.10427610969656918,0.0035714285714285704
QLD,15,hazardous_disposal_tonnes,nickel_water_kg,15,0.1034356975147441,-0.2607142857142857,0.1034356975147441,0.2607142857142857
QLD,15,hazardous_disposal_tonnes,total_water_emission_kg,15,0.09390605411427641,-0.07857142857142857,0.09390605411427641,0.07857142857142857
QLD,15,hazardous_disposal_tonnes,cadmium_air_kg,15,-0.07186385368088521,-0.12142857142857141,0.07186385368088521,0.12142857142857141
QLD,15,hazardous_disposal_tonnes,chromium_land_kg,15,0.06879963670913271,0.23928571428571427,0.06879963670913271,0.23928571428571427
QLD,15,hazardous_disposal_tonnes,copper_land_kg,15,-0.04322057035275549,0.20357142857142854,0.04322057035275549,0.20357142857142854
QLD,15,hazardous_disposal_tonnes,total_air_emission_kg,15,0.04014607834734708,0.09285714285714285,0.04014607834734708,0.09285714285714285
QLD,15,hazardous_disposal_tonnes,tvoc_land_kg,15,-0.03745712971533338,0.12371791482634836,0.03745712971533338,0.12371791482634836
QLD,15,hazardous_disposal_tonnes,tvoc_water_kg,15,-0.037457129715333375,0.12371791482634836,0.037457129715333375,0.12371791482634836
QLD,15,hazardous_disposal_tonnes,lead_water_kg,15,0.03403018227316918,0.1464285714285714,0.03403018227316918,0.1464285714285714
QLD,15,hazardous_disposal_tonnes,pm10_land_kg,15,,,,
QLD,15,hazardous_disposal_tonnes,pm10_water_kg,15,,,,
QLD,15,hazardous_disposal_tonnes,pm25_land_kg,15,,,,
QLD,15,hazardous_disposal_tonnes,pm25_water_kg,15,,,,
QLD,15,hazardous_recycling_tonnes,pm10_air_kg,15,0.8011470732321374,0.7964285714285713,0.8011470732321374,0.7964285714285713
QLD,15,hazardous_recycling_tonnes,total_air_emission_kg,15,0.7129976944100518,0.7892857142857141,0.7129976944100518,0.7892857142857141
QLD,15,hazardous_recycling_tonnes,lead_air_kg,15,-0.5913756166937507,-0.4642857142857142,0.5913756166937507,0.4642857142857142
QLD,15,hazardous_recycling_tonnes,zinc_air_kg,15,-0.5826612971821863,-0.38928571428571423,0.5826612971821863,0.38928571428571423
QLD,15,hazardous_recycling_tonnes,pm25_air_kg,15,0.5695002734375113,0.6678571428571428,0.5695002734375113,0.6678571428571428
QLD,15,hazardous_recycling_tonnes,cadmium_air_kg,15,-0.5358259863941464,-0.4928571428571427,0.5358259863941464,0.4928571428571427
QLD,15,hazardous_recycling_tonnes,chromium_air_kg,15,0.5179664033697028,0.5142857142857142,0.5179664033697028,0.5142857142857142
QLD,15,hazardous_recycling_tonnes,lead_water_kg,15,-0.4935494408536914,-0.457142857142857,0.4935494408536914,0.457142857142857
QLD,15,hazardous_recycling_tonnes,cadmium_land_kg,15,-0.4909970038925259,-0.5214285714285714,0.4909970038925259,0.5214285714285714
QLD,15,hazardous_recycling_tonnes,tvoc_air_kg,15,-0.4836571338513683,-0.38928571428571423,0.4836571338513683,0.38928571428571423
QLD,15,hazardous_recycling_tonnes,zinc_water_kg,15,-0.4454208535577932,-0.475,0.4454208535577932,0.475
QLD,15,hazardous_recycling_tonnes,copper_water_kg,15,-0.4427507919189979,-0.25357142857142856,0.4427507919189979,0.25357142857142856
QLD,15,hazardous_recycling_tonnes,lead_land_kg,15,-0.39179318885932535,-0.3321428571428571,0.39179318885932535,0.3321428571428571
QLD,15,hazardous_recycling_tonnes,chromium_water_kg,15,-0.38876013285788247,-0.42857142857142855,0.38876013285788247,0.42857142857142855
QLD,15,hazardous_recycling_tonnes,copper_air_kg,15,-0.37246390337030455,-0.1464285714285714,0.37246390337030455,0.1464285714285714
QLD,15,hazardous_recycling_tonnes,cadmium_water_kg,15,-0.3683178985239407,-0.3142857142857143,0.3683178985239407,0.3142857142857143
QLD,15,hazardous_recycling_tonnes,mercury_air_kg,15,0.3590403674171183,0.3142857142857143,0.3590403674171183,0.3142857142857143
QLD,15,hazardous_recycling_tonnes,tvoc_water_kg,15,-0.2942968270577148,-0.37115374447904503,0.2942968270577148,0.37115374447904503
QLD,15,hazardous_recycling_tonnes,tvoc_land_kg,15,-0.2942968270577147,-0.37115374447904503,0.2942968270577147,0.37115374447904503
QLD,15,hazardous_recycling_tonnes,nickel_air_kg,15,0.2731769582594855,0.05714285714285713,0.2731769582594855,0.05714285714285713
QLD,15,hazardous_recycling_tonnes,nickel_land_kg,15,0.25277936853676075,0.3571428571428571,0.25277936853676075,0.3571428571428571
QLD,15,hazardous_recycling_tonnes,copper_land_kg,15,-0.2448420144060355,-0.11071428571428568,0.2448420144060355,0.11071428571428568
QLD,15,hazardous_recycling_tonnes,nickel_water_kg,15,0.22032373727778,-0.0035714285714285704,0.22032373727778,0.0035714285714285704
QLD,15,hazardous_recycling_tonnes,total_water_emission_kg,15,-0.21690389686009479,-0.24285714285714283,0.21690389686009479,0.24285714285714283
QLD,15,hazardous_recycling_tonnes,zinc_land_kg,15,-0.0867409067820751,-0.08928571428571427,0.0867409067820751,0.08928571428571427
QLD,15,hazardous_recycling_tonnes,mercury_water_kg,15,0.08005372539531606,0.13928571428571426,0.08005372539531606,0.13928571428571426
QLD,15,hazardous_recycling_tonnes,mercury_land_kg,15,-0.07132243996758343,-0.19999999999999998,0.07132243996758343,0.19999999999999998
QLD,15,hazardous_recycling_tonnes,total_land_emission_kg,15,-0.05587067299236337,-0.07857142857142857,0.05587067299236337,0.07857142857142857
QLD,15,hazardous_recycling_tonnes,chromium_land_kg,15,0.013595836245294202,-0.6142857142857142,0.013595836245294202,0.6142857142857142
QLD,15,hazardous_recycling_tonnes,pm10_land_kg,15,,,,
QLD,15,hazardous_recycling_tonnes,pm10_water_kg,15,,,,
QLD,15,hazardous_recycling_tonnes,pm25_land_kg,15,,,,
QLD,15,hazardous_recycling_tonnes,pm25_water_kg,15,,,,
SA,15,ewaste_proxy_tonnes,chromium_land_kg,15,0.625422374311353,0.7071428571428571,0.625422374311353,0.7071428571428571
SA,15,ewaste_proxy_tonnes,total_air_emission_kg,15,0.6046719468835569,0.4678571428571427,0.6046719468835569,0.4678571428571427
SA,15,ewaste_proxy_tonnes,mercury_water_kg,15,-0.522812986146443,-0.5464285714285714,0.522812986146443,0.5464285714285714
SA,15,ewaste_proxy_tonnes,total_land_emission_kg,15,0.48919534413026955,0.4928571428571427,0.48919534413026955,0.4928571428571427
SA,15,ewaste_proxy_tonnes,lead_air_kg,15,0.4830401298106135,0.5428571428571428,0.4830401298106135,0.5428571428571428
SA,15,ewaste_proxy_tonnes,nickel_water_kg,15,-0.46772462899342115,-0.5107142857142856,0.46772462899342115,0.5107142857142856
SA,15,ewaste_proxy_tonnes,nickel_land_kg,15,0.45225709824789717,0.7964285714285713,0.45225709824789717,0.7964285714285713
SA,15,ewaste_proxy_tonnes,cadmium_air_kg,15,0.431914320728264,0.42142857142857143,0.431914320728264,0.42142857142857143
SA,15,ewaste_proxy_tonnes,copper_air_kg,15,0.401595171717989,0.4035714285714285,0.401595171717989,0.4035714285714285
SA,15,ewaste_proxy_tonnes,cadmium_water_kg,15,0.38330428444684744,0.4071428571428571,0.38330428444684744,0.4071428571428571
SA,15,ewaste_proxy_tonnes,zinc_air_kg,15,-0.38226661107620946,-0.4892857142857142,0.38226661107620946,0.4892857142857142
SA,15,ewaste_proxy_tonnes,tvoc_water_kg,15,-0.38081594347807735,-0.43301270189221924,0.38081594347807735,0.43301270189221924
SA,15,ewaste_proxy_tonnes,tvoc_land_kg,15,-0.3808159434780773,-0.43301270189221924,0.3808159434780773,0.43301270189221924
SA,15,ewaste_proxy_tonnes,lead_land_kg,15,-0.3700081846421091,0.08928571428571427,0.3700081846421091,0.08928571428571427
SA,15,ewaste_proxy_tonnes,copper_water_kg,15,0.3489365688118773,0.44999999999999996,0.3489365688118773,0.44999999999999996
SA,15,ewaste_proxy_tonnes,pm25_air_kg,15,0.3369000299047301,0.175,0.3369000299047301,0.175
SA,15,ewaste_proxy_tonnes,mercury_air_kg,15,0.3261232611646535,0.38928571428571423,0.3261232611646535,0.38928571428571423
SA,15,ewaste_proxy_tonnes,pm10_air_kg,15,0.31132011804280135,0.4892857142857142,0.31132011804280135,0.4892857142857142
SA,15,ewaste_proxy_tonnes,cadmium_land_kg,15,0.29804783785397393,0.575,0.29804783785397393,0.575
SA,15,ewaste_proxy_tonnes,mercury_land_kg,15,-0.2905767685915669,0.13928571428571426,0.2905767685915669,0.13928571428571426
SA,15,ewaste_proxy_tonnes,chromium_air_kg,15,-0.23285541767391144,-0.3,0.23285541767391144,0.3
SA,15,ewaste_proxy_tonnes,lead_water_kg,15,0.21969162446677018,0.30357142857142855,0.21969162446677018,0.30357142857142855
SA,15,ewaste_proxy_tonnes,zinc_water_kg,15,0.19238711999477012,0.4642857142857142,0.19238711999477012,0.4642857142857142
SA,15,ewaste_proxy_tonnes,copper_land_kg,15,0.1915330888638202,0.47857142857142854,0.1915330888638202,0.47857142857142854
SA,15,ewaste_proxy_tonnes,nickel_air_kg,15,-0.128681364983275,-0.2321428571428571,0.128681364983275,0.2321428571428571
SA,15,ewaste_proxy_tonnes,chromium_water_kg,15,0.05193249845136193,0.24285714285714283,0.05193249845136193,0.24285714285714283
SA,15,ewaste_proxy_tonnes,total_water_emission_kg,15,-0.05035536824575505,0.024999999999999998,0.05035536824575505,0.024999999999999998
SA,15,ewaste_proxy_tonnes,zinc_land_kg,15,-0.03727050917181884,0.049999999999999996,0.03727050917181884,0.049999999999999996
SA,15,ewaste_proxy_tonnes,tvoc_air_kg,15,-0.03533705686480723,0.049999999999999996,0.03533705686480723,0.049999999999999996
SA,15,ewaste_proxy_tonnes,pm10_land_kg,15,,,,
SA,15,ewaste_proxy_tonnes,pm10_water_kg,15,,,,
SA,15,ewaste_proxy_tonnes,pm25_land_kg,15,,,,
SA,15,ewaste_proxy_tonnes,pm25_water_kg,15,,,,
SA,15,hazardous_disposal_tonnes,total_air_emission_kg,15,0.7602115491187597,0.7428571428571428,0.7602115491187597,0.7428571428571428
SA,15,hazardous_disposal_tonnes,cadmium_air_kg,15,0.6144770415248813,0.5857142857142856,0.6144770415248813,0.5857142857142856
SA,15,hazardous_disposal_tonnes,total_land_emission_kg,15,0.527601167620503,0.4642857142857142,0.527601167620503,0.4642857142857142
SA,15,hazardous_disposal_tonnes,copper_air_kg,15,0.47130128976529656,0.43214285714285705,0.47130128976529656,0.43214285714285705
SA,15,hazardous_disposal_tonnes,nickel_land_kg,15,0.378792586649868,0.5607142857142856,0.378792586649868,0.5607142857142856
SA,15,hazardous_disposal_tonnes,pm25_air_kg,15,0.3752644988981601,0.4035714285714285,0.3752644988981601,0.4035714285714285
SA,15,hazardous_disposal_tonnes,lead_air_kg,15,0.3695982558027216,0.5607142857142856,0.3695982558027216,0.5607142857142856
SA,15,hazardous_disposal_tonnes,pm10_air_kg,15,0.31386007917385245,0.4678571428571427,0.31386007917385245,0.4678571428571427
SA,15,hazardous_disposal_tonnes,nickel_air_kg,15,0.2520701994047179,0.23571428571428568,0.2520701994047179,0.23571428571428568
SA,15,hazardous_disposal_tonnes,lead_water_kg,15,-0.24595769378862584,-0.07142857142857141,0.24595769378862584,0.07142857142857141
SA,15,hazardous_disposal_tonnes,lead_land_kg,15,-0.23787981642374226,0.28928571428571426,0.23787981642374226,0.28928571428571426
SA,15,hazardous_disposal_tonnes,tvoc_water_kg,15,-0.23151771395396822,-0.37115374447904503,0.23151771395396822,0.37115374447904503
SA,15,hazardous_disposal_tonnes,tvoc_land_kg,15,-0.2315177139539681,-0.37115374447904503,0.2315177139539681,0.37115374447904503
SA,15,hazardous_disposal_tonnes,zinc_water_kg,15,-0.2261568036917556,0.04642857142857142,0.2261568036917556,0.04642857142857142
SA,15,hazardous_disposal_tonnes,cadmium_land_kg,15,-0.22609392555818877,0.1357142857142857,0.22609392555818877,0.1357142857142857
SA,15,hazardous_disposal_tonnes,chromium_land_kg,15,0.218175801345265,0.2821428571428571,0.218175801345265,0.2821428571428571
SA,15,hazardous_disposal_tonnes,tvoc_air_kg,15,0.20409303693373487,0.39642857142857135,0.20409303693373487,0.39642857142857135
SA,15,hazardous_disposal_tonnes,mercury_land_kg,15,-0.20174950119969107,0.06428571428571428,0.20174950119969107,0.06428571428571428
SA,15,hazardous_disposal_tonnes,zinc_land_kg,15,0.18864392247657336,0.43214285714285705,0.18864392247657336,0.43214285714285705
SA,15,hazardous_disposal_tonnes,total_water_emission_kg,15,0.1664402575603014,-0.021428571428571425,0.1664402575603014,0.021428571428571425
SA,15,hazardous_disposal_tonnes,zinc_air_kg,15,-0.1635277664024615,-0.27499999999999997,0.1635277664024615,0.27499999999999997
SA,15,hazardous_disposal_tonnes,chromium_air_kg,15,0.15040823571333783,0.1464285714285714,0.15040823571333783,0.1464285714285714
SA,15,hazardous_disposal_tonnes,mercury_water_kg,15,-0.1425405027122602,-0.21071428571428572,0.1425405027122602,0.21071428571428572
SA,15,hazardous_disposal_tonnes,mercury_air_kg,15,-0.10837621123991856,0.18214285714285713,0.10837621123991856,0.18214285714285713
SA,15,hazardous_disposal_tonnes,copper_water_kg,15,0.10779852014673134,0.11428571428571425,0.10779852014673134,0.11428571428571425
SA,15,hazardous_disposal_tonnes,copper_land_kg,15,0.10278776708387495,0.2321428571428571,0.10278776708387495,0.2321428571428571
SA,15,hazardous_disposal_tonnes,nickel_water_kg,15,-0.08794238190869291,-0.24642857142857136,0.08794238190869291,0.24642857142857136
SA,15,hazardous_disposal_tonnes,chromium_water_kg,15,-0.038730555157536664,0.2642857142857143,0.038730555157536664,0.2642857142857143
SA,15,hazardous_disposal_tonnes,cadmium_water_kg,15,-0.00944776977143176,0.010714285714285713,0.00944776977143176,0.010714285714285713
SA,15,hazardous_disposal_tonnes,pm10_land_kg,15,,,,
SA,15,hazardous_disposal_tonnes,pm10_water_kg,15,,,,
SA,15,hazardous_disposal_tonnes,pm25_land_kg,15,,,,
SA,15,hazardous_disposal_tonnes,pm25_water_kg,15,,,,
SA,15,hazardous_recycling_tonnes,chromium_land_kg,15,0.7951354592074303,0.8142857142857142,0.7951354592074303,0.8142857142857142
SA,15,hazardous_recycling_tonnes,cadmium_land_kg,15,0.7755871035207883,0.8178571428571428,0.7755871035207883,0.8178571428571428
SA,15,hazardous_recycling_tonnes,mercury_water_kg,15,-0.709653356594297,-0.7249999999999999,0.709653356594297,0.7249999999999999
SA,15,hazardous_recycling_tonnes,mercury_air_kg,15,0.6856295206781723,0.3571428571428571,0.6856295206781723,0.3571428571428571
SA,15,hazardous_recycling_tonnes,nickel_water_kg,15,-0.6837265412897081,-0.7178571428571427,0.6837265412897081,0.7178571428571427
SA,15,hazardous_recycling_tonnes,lead_water_kg,15,0.6684169504973644,0.6499999999999999,0.6684169504973644,0.6499999999999999
SA,15,hazardous_recycling_tonnes,cadmium_water_kg,15,0.6627407264189843,0.657142857142857,0.6627407264189843,0.657142857142857
SA,15,hazardous_recycling_tonnes,zinc_water_kg,15,0.6000124297108685,0.7857142857142856,0.6000124297108685,0.7857142857142856
SA,15,hazardous_recycling_tonnes,chromium_air_kg,15,-0.5746226236782833,-0.6964285714285713,0.5746226236782833,0.6964285714285713
SA,15,hazardous_recycling_tonnes,nickel_air_kg,15,-0.5174163324704272,-0.5964285714285712,0.5174163324704272,0.5964285714285712
SA,15,hazardous_recycling_tonnes,copper_water_kg,15,0.4613933783880462,0.4642857142857142,0.4613933783880462,0.4642857142857142
SA,15,hazardous_recycling_tonnes,zinc_air_kg,15,-0.44497404592688666,-0.6,0.44497404592688666,0.6
SA,15,hazardous_recycling_tonnes,lead_air_kg,15,0.3745893132432119,0.37857142857142856,0.3745893132432119,0.37857142857142856
SA,15,hazardous_recycling_tonnes,tvoc_water_kg,15,-0.36248091469181076,-0.43301270189221924,0.36248091469181076,0.43301270189221924
SA,15,hazardous_recycling_tonnes,tvoc_land_kg,15,-0.3624809146918107,-0.43301270189221924,0.3624809146918107,0.43301270189221924
SA,15,hazardous_recycling_tonnes,lead_land_kg,15,-0.33827749373594357,-0.3214285714285714,0.33827749373594357,0.3214285714285714
SA,15,hazardous_recycling_tonnes,tvoc_air_kg,15,-0.3087925049862538,-0.3,0.3087925049862538,0.3
SA,15,hazardous_recycling_tonnes,nickel_land_kg,15,0.3070651834907939,0.6392857142857141,0.3070651834907939,0.6392857142857141
SA,15,hazardous_recycling_tonnes,zinc_land_kg,15,-0.2920161306244551,-0.33571428571428563,0.2920161306244551,0.33571428571428563
SA,15,hazardous_recycling_tonnes,total_water_emission_kg,15,-0.28527275592606216,-0.1464285714285714,0.28527275592606216,0.1464285714285714
SA,15,hazardous_recycling_tonnes,mercury_land_kg,15,-0.24784749438773707,0.15,0.24784749438773707,0.15
SA,15,hazardous_recycling_tonnes,copper_land_kg,15,0.19941790793891945,0.6214285714285712,0.19941790793891945,0.6214285714285712
SA,15,hazardous_recycling_tonnes,total_land_emission_kg,15,0.18882404615726225,0.3178571428571428,0.18882404615726225,0.3178571428571428
SA,15,hazardous_recycling_tonnes,pm10_air_kg,15,0.14642775966893318,0.35,0.14642775966893318,0.35
SA,15,hazardous_recycling_tonnes,chromium_water_kg,15,0.12990579145045178,0.028571428571428564,0.12990579145045178,0.028571428571428564
SA,15,hazardous_recycling_tonnes,pm25_air_kg,15,0.11547149924456672,-0.24642857142857136,0.11547149924456672,0.24642857142857136
SA,15,hazardous_recycling_tonnes,total_air_emission_kg,15,0.10725131842870139,0.1607142857142857,0.10725131842870139,0.1607142857142857
SA,15,hazardous_recycling_tonnes,copper_air_kg,15,0.10718832879762884,0.21071428571428572,0.10718832879762884,0.21071428571428572
SA,15,hazardous_recycling_tonnes,cadmium_air_kg,15,-0.009216290110561987,0.13214285714285715,0.009216290110561987,0.13214285714285715
SA,15,hazardous_recycling_tonnes,pm10_land_kg,15,,,,
SA,15,hazardous_recycling_tonnes,pm10_water_kg,15,,,,
SA,15,hazardous_recycling_tonnes,pm25_land_kg,15,,,,
SA,15,hazardous_recycling_tonnes,pm25_water_kg,15,,,,
TAS,15,ewaste_proxy_tonnes,zinc_land_kg,15,0.7254140868568785,0.13928571428571426,0.7254140868568785,0.13928571428571426
TAS,15,ewaste_proxy_tonnes,cadmium_land_kg,15,-0.6022375544601214,-0.5249999999999999,0.6022375544601214,0.5249999999999999
TAS,15,ewaste_proxy_tonnes,chromium_water_kg,15,-0.4113299190826013,-0.05714285714285713,0.4113299190826013,0.05714285714285713
TAS,15,ewaste_proxy_tonnes,copper_land_kg,15,0.40557560241509183,-0.16428571428571426,0.40557560241509183,0.16428571428571426
TAS,15,ewaste_proxy_tonnes,total_water_emission_kg,15,-0.40524668891511023,-0.5535714285714285,0.40524668891511023,0.5535714285714285
TAS,15,ewaste_proxy_tonnes,pm10_air_kg,15,-0.3979047926692839,-0.4392857142857142,0.3979047926692839,0.4392857142857142
TAS,15,ewaste_proxy_tonnes,lead_land_kg,15,0.39610865566052256,-0.2321428571428571,0.39610865566052256,0.2321428571428571
TAS,15,ewaste_proxy_tonnes,copper_air_kg,15,-0.3497345682611205,-0.3714285714285714,0.3497345682611205,0.3714285714285714
TAS,15,ewaste_proxy_tonnes,copper_water_kg,15,-0.31457615604310035,-0.1464285714285714,0.31457615604310035,0.1464285714285714
TAS,15,ewaste_proxy_tonnes,zinc_water_kg,15,-0.30416253438713736,-0.48571428571428565,0.30416253438713736,0.48571428571428565
TAS,15,ewaste_proxy_tonnes,total_air_emission_kg,15,0.250481054482001,0.21071428571428572,0.250481054482001,0.21071428571428572
TAS,15,ewaste_proxy_tonnes,nickel_water_kg,15,-0.21861568289263025,-0.12142857142857141,0.21861568289263025,0.12142857142857141
TAS,15,ewaste_proxy_tonnes,mercury_land_kg,15,-0.21667539139133474,-0.7357142857142855,0.21667539139133474,0.7357142857142855
TAS,15,ewaste_proxy_tonnes,lead_air_kg,15,-0.1997337988952653,-0.42142857142857143,0.1997337988952653,0.42142857142857143
TAS,15,ewaste_proxy_tonnes,zinc_air_kg,15,-0.19641832326738473,-0.3,0.19641832326738473,0.3
TAS,15,ewaste_proxy_tonnes,tvoc_air_kg,15,-0.18498880235883627,-0.3,0.18498880235883627,0.3
TAS,15,ewaste_proxy_tonnes,nickel_land_kg,15,-0.1811613916499924,-0.38214285714285706,0.1811613916499924,0.38214285714285706
TAS,15,ewaste_proxy_tonnes,tvoc_water_kg,15,-0.14403795581879505,-0.3092947870658709,0.14403795581879505,0.3092947870658709
TAS,15,ewaste_proxy_tonnes,tvoc_land_kg,15,-0.14403795581879503,-0.3092947870658709,0.14403795581879503,0.3092947870658709
TAS,15,ewaste_proxy_tonnes,chromium_land_kg,15,-0.13978071538995657,-0.48214285714285704,0.13978071538995657,0.48214285714285704
TAS,15,ewaste_proxy_tonnes,lead_water_kg,15,-0.13951137746331205,-0.32499999999999996,0.13951137746331205,0.32499999999999996
TAS,15,ewaste_proxy_tonnes,pm25_air_kg,15,-0.13910148831336597,-0.32499999999999996,0.13910148831336597,0.32499999999999996
TAS,15,ewaste_proxy_tonnes,total_land_emission_kg,15,-0.12002762610269167,-0.1464285714285714,0.12002762610269167,0.1464285714285714
TAS,15,ewaste_proxy_tonnes,nickel_air_kg,15,-0.11743055635512581,0.049999999999999996,0.11743055635512581,0.049999999999999996
TAS,15,ewaste_proxy_tonnes,chromium_air_kg,15,-0.10153323906022053,0.10714285714285714,0.10153323906022053,0.10714285714285714
TAS,15,ewaste_proxy_tonnes,mercury_water_kg,15,-0.10048550715221208,0.12142857142857141,0.10048550715221208,0.12142857142857141
TAS,15,ewaste_proxy_tonnes,cadmium_water_kg,15,-0.03386106524630463,0.15357142857142855,0.03386106524630463,0.15357142857142855
TAS,15,ewaste_proxy_tonnes,mercury_air_kg,15,-0.02821174992425976,-0.10357142857142855,0.02821174992425976,0.10357142857142855
TAS,15,ewaste_proxy_tonnes,cadmium_air_kg,15,0.0004430353390096953,-0.11071428571428568,0.0004430353390096953,0.11071428571428568
TAS,15,ewaste_proxy_tonnes,pm10_land_kg,15,,,,
TAS,15,ewaste_proxy_tonnes,pm10_water_kg,15,,,,
TAS,15,ewaste_proxy_tonnes,pm25_land_kg,15,,,,
TAS,15,ewaste_proxy_tonnes,pm25_water_kg,15,,,,
TAS,15,hazardous_disposal_tonnes,zinc_land_kg,15,0.5693466013625879,0.23571428571428568,0.5693466013625879,0.23571428571428568
TAS,15,hazardous_disposal_tonnes,chromium_water_kg,15,-0.42820670306586833,-0.3571428571428571,0.42820670306586833,0.3571428571428571
TAS,15,hazardous_disposal_tonnes,total_air_emission_kg,15,0.3552829223028477,0.3428571428571428,0.3552829223028477,0.3428571428571428
TAS,15,hazardous_disposal_tonnes,total_water_emission_kg,15,-0.33304517978004,-0.2285714285714285,0.33304517978004,0.2285714285714285
TAS,15,hazardous_disposal_tonnes,cadmium_land_kg,15,-0.3221647670047855,-0.4035714285714285,0.3221647670047855,0.4035714285714285
TAS,15,hazardous_disposal_tonnes,zinc_water_kg,15,-0.25685403276300073,-0.1857142857142857,0.25685403276300073,0.1857142857142857
TAS,15,hazardous_disposal_tonnes,mercury_air_kg,15,-0.2398161678057316,-0.32499999999999996,0.2398161678057316,0.32499999999999996
TAS,15,hazardous_disposal_tonnes,copper_land_kg,15,0.2385861489563197,-0.014285714285714282,0.2385861489563197,0.014285714285714282
TAS,15,hazardous_disposal_tonnes,lead_land_kg,15,0.22658055910570435,-0.21071428571428572,0.22658055910570435,0.21071428571428572
TAS,15,hazardous_disposal_tonnes,lead_water_kg,15,-0.22510252461189972,-0.3857142857142856,0.22510252461189972,0.3857142857142856
TAS,15,hazardous_disposal_tonnes,copper_water_kg,15,-0.21322278399813915,0.06071428571428571,0.21322278399813915,0.06071428571428571
TAS,15,hazardous_disposal_tonnes,mercury_land_kg,15,-0.1918052191808837,-0.4357142857142856,0.1918052191808837,0.4357142857142856
TAS,15,hazardous_disposal_tonnes,copper_air_kg,15,-0.18077467071618503,0.0035714285714285704,0.18077467071618503,0.0035714285714285704
TAS,15,hazardous_disposal_tonnes,nickel_land_kg,15,-0.15312849419307145,-0.24285714285714283,0.15312849419307145,0.24285714285714283
TAS,15,hazardous_disposal_tonnes,pm10_air_kg,15,-0.13921632138870535,-0.0035714285714285704,0.13921632138870535,0.0035714285714285704
TAS,15,hazardous_disposal_tonnes,lead_air_kg,15,-0.13537142486975914,-0.13928571428571426,0.13537142486975914,0.13928571428571426
TAS,15,hazardous_disposal_tonnes,chromium_land_kg,15,-0.13460520837591003,-0.4357142857142856,0.13460520837591003,0.4357142857142856
TAS,15,hazardous_disposal_tonnes,tvoc_water_kg,15,-0.12433441904769273,-0.12371791482634836,0.12433441904769273,0.12371791482634836
TAS,15,hazardous_disposal_tonnes,tvoc_land_kg,15,-0.12433441904769268,-0.12371791482634836,0.12433441904769268,0.12371791482634836
TAS,15,hazardous_disposal_tonnes,cadmium_water_kg,15,0.07388318747380263,0.2607142857142857,0.07388318747380263,0.2607142857142857
TAS,15,hazardous_disposal_tonnes,total_land_emission_kg,15,0.060356320021021787,0.35,0.060356320021021787,0.35
TAS,15,hazardous_disposal_tonnes,tvoc_air_kg,15,0.058982828620876754,0.07142857142857141,0.058982828620876754,0.07142857142857141
TAS,15,hazardous_disposal_tonnes,zinc_air_kg,15,-0.05709246997634068,0.024999999999999998,0.05709246997634068,0.024999999999999998
TAS,15,hazardous_disposal_tonnes,cadmium_air_kg,15,0.04289104343556236,0.125,0.04289104343556236,0.125
TAS,15,hazardous_disposal_tonnes,chromium_air_kg,15,-0.03953584568833645,0.04285714285714285,0.03953584568833645,0.04285714285714285
TAS,15,hazardous_disposal_tonnes,nickel_air_kg,15,-0.035076231683520656,0.09999999999999999,0.035076231683520656,0.09999999999999999
TAS,15,hazardous_disposal_tonnes,mercury_water_kg,15,-0.02796671783897406,0.03214285714285714,0.02796671783897406,0.03214285714285714
TAS,15,hazardous_disposal_tonnes,pm25_air_kg,15,-0.024585005668531,0.014285714285714282,0.024585005668531,0.014285714285714282
TAS,15,hazardous_disposal_tonnes,nickel_water_kg,15,-0.015649697811361968,0.15,0.015649697811361968,0.15
TAS,15,hazardous_disposal_tonnes,pm10_land_kg,15,,,,
TAS,15,hazardous_disposal_tonnes,pm10_water_kg,15,,,,
TAS,15,hazardous_disposal_tonnes,pm25_land_kg,15,,,,
TAS,15,hazardous_disposal_tonnes,pm25_water_kg,15,,,,
TAS,15,hazardous_recycling_tonnes,zinc_land_kg,15,0.728804888088218,0.1714285714285714,0.728804888088218,0.1714285714285714
TAS,15,hazardous_recycling_tonnes,cadmium_land_kg,15,-0.665304443013512,-0.47857142857142854,0.665304443013512,0.47857142857142854
TAS,15,hazardous_recycling_tonnes,pm10_air_kg,15,-0.46471425132553534,-0.6071428571428571,0.46471425132553534,0.6071428571428571
TAS,15,hazardous_recycling_tonnes,copper_land_kg,15,0.43485642272110986,-0.15,0.43485642272110986,0.15
TAS,15,hazardous_recycling_tonnes,lead_land_kg,15,0.4276073271852026,-0.2285714285714285,0.4276073271852026,0.2285714285714285
TAS,15,hazardous_recycling_tonnes,total_water_emission_kg,15,-0.3992274081312487,-0.6749999999999999,0.3992274081312487,0.6749999999999999
TAS,15,hazardous_recycling_tonnes,copper_air_kg,15,-0.38454360883276234,-0.5,0.38454360883276234,0.5
TAS,15,hazardous_recycling_tonnes,chromium_water_kg,15,-0.3759831768532356,-0.1357142857142857,0.3759831768532356,0.1357142857142857
TAS,15,hazardous_recycling_tonnes,copper_water_kg,15,-0.3243492527249654,-0.3071428571428571,0.3243492527249654,0.3071428571428571
TAS,15,hazardous_recycling_tonnes,zinc_water_kg,15,-0.2926852422389231,-0.6785714285714285,0.2926852422389231,0.6785714285714285
TAS,15,hazardous_recycling_tonnes,nickel_water_kg,15,-0.2808241987554311,-0.3428571428571428,0.2808241987554311,0.3428571428571428
TAS,15,hazardous_recycling_tonnes,tvoc_air_kg,15,-0.2648596746155113,-0.35,0.2648596746155113,0.35
TAS,15,hazardous_recycling_tonnes,zinc_air_kg,15,-0.23466382626084598,-0.43214285714285705,0.23466382626084598,0.43214285714285705
TAS,15,hazardous_recycling_tonnes,lead_air_kg,15,-0.20614718039474347,-0.5285714285714286,0.20614718039474347,0.5285714285714286
TAS,15,hazardous_recycling_tonnes,mercury_land_kg,15,-0.20477970289278893,-0.7964285714285713,0.20477970289278893,0.7964285714285713
TAS,15,hazardous_recycling_tonnes,total_air_emission_kg,15,0.19008309002810028,0.3,0.19008309002810028,0.3
TAS,15,hazardous_recycling_tonnes,total_land_emission_kg,15,-0.1792044636636932,-0.2928571428571428,0.1792044636636932,0.2928571428571428
TAS,15,hazardous_recycling_tonnes,nickel_land_kg,15,-0.1748199697065756,-0.4428571428571427,0.1748199697065756,0.4428571428571427
TAS,15,hazardous_recycling_tonnes,pm25_air_kg,15,-0.17342895093237068,-0.3928571428571428,0.17342895093237068,0.3928571428571428
TAS,15,hazardous_recycling_tonnes,nickel_air_kg,15,-0.13986716035387609,0.10714285714285714,0.13986716035387609,0.10714285714285714
TAS,15,hazardous_recycling_tonnes,tvoc_water_kg,15,-0.13748264926280626,-0.37115374447904503,0.13748264926280626,0.37115374447904503
TAS,15,hazardous_recycling_tonnes,tvoc_land_kg,15,-0.13748264926280623,-0.37115374447904503,0.13748264926280623,0.37115374447904503
TAS,15,hazardous_recycling_tonnes,chromium_land_kg,15,-0.12768073647390854,-0.5392857142857141,0.12768073647390854,0.5392857142857141
TAS,15,hazardous_recycling_tonnes,mercury_water_kg,15,-0.12339615952469547,0.028571428571428564,0.12339615952469547,0.028571428571428564
TAS,15,hazardous_recycling_tonnes,chromium_air_kg,15,-0.1171259926070783,0.21071428571428572,0.1171259926070783,0.21071428571428572
TAS,15,hazardous_recycling_tonnes,lead_water_kg,15,-0.0929577894919348,-0.35357142857142854,0.0929577894919348,0.35357142857142854
TAS,15,hazardous_recycling_tonnes,cadmium_water_kg,15,-0.07712687304976354,0.1857142857142857,0.07712687304976354,0.1857142857142857
TAS,15,hazardous_recycling_tonnes,mercury_air_kg,15,0.06020520637994793,-0.09285714285714285,0.06020520637994793,0.09285714285714285
TAS,15,hazardous_recycling_tonnes,cadmium_air_kg,15,-0.018943218490911812,-0.07857142857142857,0.018943218490911812,0.07857142857142857
TAS,15,hazardous_recycling_tonnes,pm10_land_kg,15,,,,
TAS,15,hazardous_recycling_tonnes,pm10_water_kg,15,,,,
TAS,15,hazardous_recycling_tonnes,pm25_land_kg,15,,,,
TAS,15,hazardous_recycling_tonnes,pm25_water_kg,15,,,,
VIC,15,ewaste_proxy_tonnes,total_air_emission_kg,15,-0.8191753261567598,-0.5642857142857142,0.8191753261567598,0.5642857142857142
VIC,15,ewaste_proxy_tonnes,total_water_emission_kg,15,0.6735615152252072,0.6142857142857142,0.6735615152252072,0.6142857142857142
VIC,15,ewaste_proxy_tonnes,chromium_water_kg,15,-0.6163209955988651,-0.4892857142857142,0.6163209955988651,0.4892857142857142
VIC,15,ewaste_proxy_tonnes,lead_water_kg,15,0.5902399768623011,0.42499999999999993,0.5902399768623011,0.42499999999999993
VIC,15,ewaste_proxy_tonnes,pm25_air_kg,15,-0.5599639768828721,-0.7107142857142856,0.5599639768828721,0.7107142857142856
VIC,15,ewaste_proxy_tonnes,nickel_water_kg,15,-0.4920451365772376,-0.48571428571428565,0.4920451365772376,0.48571428571428565
VIC,15,ewaste_proxy_tonnes,cadmium_water_kg,15,-0.47893458374228637,-0.23571428571428568,0.47893458374228637,0.23571428571428568
VIC,15,ewaste_proxy_tonnes,chromium_air_kg,15,0.4781087479003164,0.3,0.4781087479003164,0.3
VIC,15,ewaste_proxy_tonnes,zinc_air_kg,15,-0.33674605615542963,-0.38928571428571423,0.33674605615542963,0.38928571428571423
VIC,15,ewaste_proxy_tonnes,total_land_emission_kg,15,0.33644143476145966,0.2714285714285714,0.33644143476145966,0.2714285714285714
VIC,15,ewaste_proxy_tonnes,lead_air_kg,15,-0.24869430539761264,-0.12142857142857141,0.24869430539761264,0.12142857142857141
VIC,15,ewaste_proxy_tonnes,copper_water_kg,15,0.16696899251469247,0.47142857142857136,0.16696899251469247,0.47142857142857136
VIC,15,ewaste_proxy_tonnes,mercury_water_kg,15,-0.1643197947335568,0.06428571428571428,0.1643197947335568,0.06428571428571428
VIC,15,ewaste_proxy_tonnes,tvoc_air_kg,15,-0.13899855801083755,0.12142857142857141,0.13899855801083755,0.12142857142857141
VIC,15,ewaste_proxy_tonnes,zinc_water_kg,15,0.13431799769008904,0.1928571428571428,0.13431799769008904,0.1928571428571428
VIC,15,ewaste_proxy_tonnes,pm10_air_kg,15,-0.09989512837222608,-0.1928571428571428,0.09989512837222608,0.1928571428571428
VIC,15,ewaste_proxy_tonnes,mercury_air_kg,15,0.0889939183503318,-0.07142857142857141,0.0889939183503318,0.07142857142857141
VIC,15,ewaste_proxy_tonnes,copper_air_kg,15,-0.038967054683581324,0.010714285714285713,0.038967054683581324,0.010714285714285713
VIC,15,ewaste_proxy_tonnes,mercury_land_kg,15,-0.03233048520004504,-0.21071428571428572,0.03233048520004504,0.21071428571428572
VIC,15,ewaste_proxy_tonnes,zinc_land_kg,15,-0.028511071710159194,-0.2642857142857143,0.028511071710159194,0.2642857142857143
VIC,15,ewaste_proxy_tonnes,copper_land_kg,15,-0.02329798043402525,0.12857142857142856,0.02329798043402525,0.12857142857142856
VIC,15,ewaste_proxy_tonnes,cadmium_air_kg,15,0.018914776077620717,0.7571428571428571,0.018914776077620717,0.7571428571428571
VIC,15,ewaste_proxy_tonnes,lead_land_kg,15,-0.01680890800551449,0.37499999999999994,0.01680890800551449,0.37499999999999994
VIC,15,ewaste_proxy_tonnes,chromium_land_kg,15,-0.013260000016336702,0.32499999999999996,0.013260000016336702,0.32499999999999996
VIC,15,ewaste_proxy_tonnes,nickel_air_kg,15,0.013190656415489553,0.05357142857142857,0.013190656415489553,0.05357142857142857
VIC,15,ewaste_proxy_tonnes,nickel_land_kg,15,-0.0030504066545086546,0.06071428571428571,0.0030504066545086546,0.06071428571428571
VIC,15,ewaste_proxy_tonnes,cadmium_land_kg,15,-0.0010450027059697084,0.2964285714285714,0.0010450027059697084,0.2964285714285714
VIC,15,ewaste_proxy_tonnes,pm10_land_kg,15,,,,
VIC,15,ewaste_proxy_tonnes,pm10_water_kg,15,,,,
VIC,15,ewaste_proxy_tonnes,pm25_land_kg,15,,,,
VIC,15,ewaste_proxy_tonnes,pm25_water_kg,15,,,,
VIC,15,ewaste_proxy_tonnes,tvoc_land_kg,15,,,,
VIC,15,ewaste_proxy_tonnes,tvoc_water_kg,15,,,,
VIC,15,hazardous_disposal_tonnes,total_air_emission_kg,15,-0.7011616018380238,-0.5071428571428571,0.7011616018380238,0.5071428571428571
VIC,15,hazardous_disposal_tonnes,pm25_air_kg,15,-0.6779644350648937,-0.7142857142857142,0.6779644350648937,0.7142857142857142
VIC,15,hazardous_disposal_tonnes,total_water_emission_kg,15,0.6364108314972432,0.6107142857142855,0.6364108314972432,0.6107142857142855
VIC,15,hazardous_disposal_tonnes,chromium_water_kg,15,-0.5976158295807357,-0.41785714285714276,0.5976158295807357,0.41785714285714276
VIC,15,hazardous_disposal_tonnes,nickel_water_kg,15,-0.5610042711086953,-0.5249999999999999,0.5610042711086953,0.5249999999999999
VIC,15,hazardous_disposal_tonnes,lead_water_kg,15,0.4708104357205643,0.3214285714285714,0.4708104357205643,0.3214285714285714
VIC,15,hazardous_disposal_tonnes,cadmium_water_kg,15,-0.44023602465922346,-0.21428571428571427,0.44023602465922346,0.21428571428571427
VIC,15,hazardous_disposal_tonnes,zinc_air_kg,15,-0.4108351785297089,-0.35357142857142854,0.4108351785297089,0.35357142857142854
VIC,15,hazardous_disposal_tonnes,chromium_air_kg,15,0.39434279991697563,0.2785714285714285,0.39434279991697563,0.2785714285714285
VIC,15,hazardous_disposal_tonnes,total_land_emission_kg,15,0.3334431691042567,0.2178571428571428,0.3334431691042567,0.2178571428571428
VIC,15,hazardous_disposal_tonnes,lead_air_kg,15,-0.2755470989663091,-0.08214285714285713,0.2755470989663091,0.08214285714285713
VIC,15,hazardous_disposal_tonnes,cadmium_land_kg,15,0.21095833603831302,0.33928571428571425,0.21095833603831302,0.33928571428571425
VIC,15,hazardous_disposal_tonnes,nickel_land_kg,15,0.20446117174855083,0.08214285714285713,0.20446117174855083,0.08214285714285713
VIC,15,hazardous_disposal_tonnes,chromium_land_kg,15,0.19677304456511532,0.4071428571428571,0.19677304456511532,0.4071428571428571
VIC,15,hazardous_disposal_tonnes,pm10_air_kg,15,-0.19481839556358166,-0.25,0.19481839556358166,0.25
VIC,15,hazardous_disposal_tonnes,lead_land_kg,15,0.1881331035217123,0.4035714285714285,0.1881331035217123,0.4035714285714285
VIC,15,hazardous_disposal_tonnes,copper_land_kg,15,0.18355756304758353,0.1928571428571428,0.18355756304758353,0.1928571428571428
VIC,15,hazardous_disposal_tonnes,mercury_land_kg,15,0.1822019181198914,-0.14285714285714282,0.1822019181198914,0.14285714285714282
VIC,15,hazardous_disposal_tonnes,zinc_land_kg,15,0.17334814204980198,-0.21071428571428572,0.17334814204980198,0.21071428571428572
VIC,15,hazardous_disposal_tonnes,copper_air_kg,15,-0.15066108270766265,-0.05714285714285713,0.15066108270766265,0.05714285714285713
VIC,15,hazardous_disposal_tonnes,copper_water_kg,15,0.10871874784493607,0.4928571428571427,0.10871874784493607,0.4928571428571427
VIC,15,hazardous_disposal_tonnes,mercury_water_kg,15,-0.08990752742950911,0.07142857142857141,0.08990752742950911,0.07142857142857141
VIC,15,hazardous_disposal_tonnes,tvoc_air_kg,15,0.04732186986469681,0.11071428571428568,0.04732186986469681,0.11071428571428568
VIC,15,hazardous_disposal_tonnes,zinc_water_kg,15,0.02809529724219171,0.1357142857142857,0.02809529724219171,0.1357142857142857
VIC,15,hazardous_disposal_tonnes,cadmium_air_kg,15,-0.024168515667139165,0.6964285714285713,0.024168515667139165,0.6964285714285713
VIC,15,hazardous_disposal_tonnes,mercury_air_kg,15,0.010774441322370699,-0.075,0.010774441322370699,0.075
VIC,15,hazardous_disposal_tonnes,nickel_air_kg,15,-0.008274704742701167,0.10357142857142855,0.008274704742701167,0.10357142857142855
VIC,15,hazardous_disposal_tonnes,pm10_land_kg,15,,,,
VIC,15,hazardous_disposal_tonnes,pm10_water_kg,15,,,,
VIC,15,hazardous_disposal_tonnes,pm25_land_kg,15,,,,
VIC,15,hazardous_disposal_tonnes,pm25_water_kg,15,,,,
VIC,15,hazardous_disposal_tonnes,tvoc_land_kg,15,,,,
VIC,15,hazardous_disposal_tonnes,tvoc_water_kg,15,,,,
VIC,15,hazardous_recycling_tonnes,total_air_emission_kg,15,-0.8668621206714388,-0.8499999999999999,0.8668621206714388,0.8499999999999999
VIC,15,hazardous_recycling_tonnes,lead_water_kg,15,0.6857127068393108,0.7178571428571427,0.6857127068393108,0.7178571428571427
VIC,15,hazardous_recycling_tonnes,total_water_emission_kg,15,0.6346585026956176,0.4964285714285714,0.6346585026956176,0.4964285714285714
VIC,15,hazardous_recycling_tonnes,chromium_water_kg,15,-0.5498089663952545,-0.42857142857142855,0.5498089663952545,0.42857142857142855
VIC,15,hazardous_recycling_tonnes,chromium_air_kg,15,0.5406162338908288,0.5678571428571427,0.5406162338908288,0.5678571428571427
VIC,15,hazardous_recycling_tonnes,cadmium_water_kg,15,-0.4621501533134118,-0.3142857142857143,0.4621501533134118,0.3142857142857143
VIC,15,hazardous_recycling_tonnes,tvoc_air_kg,15,-0.4128822865733897,-0.25,0.4128822865733897,0.25
VIC,15,hazardous_recycling_tonnes,mercury_land_kg,15,-0.33740678765196874,-0.6714285714285713,0.33740678765196874,0.6714285714285713
VIC,15,hazardous_recycling_tonnes,copper_land_kg,15,-0.31852808528820375,-0.4392857142857142,0.31852808528820375,0.4392857142857142
VIC,15,hazardous_recycling_tonnes,nickel_water_kg,15,-0.3164273255105865,0.028571428571428564,0.3164273255105865,0.028571428571428564
VIC,15,hazardous_recycling_tonnes,zinc_land_kg,15,-0.31604352394144725,-0.6678571428571428,0.31604352394144725,0.6678571428571428
VIC,15,hazardous_recycling_tonnes,chromium_land_kg,15,-0.3145042847470842,-0.20357142857142854,0.3145042847470842,0.20357142857142854
VIC,15,hazardous_recycling_tonnes,lead_land_kg,15,-0.31034543838980827,-0.175,0.31034543838980827,0.175
VIC,15,hazardous_recycling_tonnes,cadmium_land_kg,15,-0.3069889623033572,-0.2607142857142857,0.3069889623033572,0.2607142857142857
VIC,15,hazardous_recycling_tonnes,pm25_air_kg,15,-0.30551382089273504,-0.23571428571428568,0.30551382089273504,0.23571428571428568
VIC,15,hazardous_recycling_tonnes,nickel_land_kg,15,-0.30238723623934793,-0.3857142857142856,0.30238723623934793,0.3857142857142856
VIC,15,hazardous_recycling_tonnes,total_land_emission_kg,15,0.2727919564155342,0.5964285714285712,0.2727919564155342,0.5964285714285712
VIC,15,hazardous_recycling_tonnes,zinc_water_kg,15,0.27215135895592313,0.41785714285714276,0.27215135895592313,0.41785714285714276
VIC,15,hazardous_recycling_tonnes,mercury_water_kg,15,-0.2471447540450189,-0.25,0.2471447540450189,0.25
VIC,15,hazardous_recycling_tonnes,copper_water_kg,15,0.228174220995249,0.22142857142857136,0.228174220995249,0.22142857142857136
VIC,15,hazardous_recycling_tonnes,mercury_air_kg,15,0.1988249458872225,0.16428571428571426,0.1988249458872225,0.16428571428571426
VIC,15,hazardous_recycling_tonnes,zinc_air_kg,15,-0.16505497530825608,-0.2821428571428571,0.16505497530825608,0.2821428571428571
VIC,15,hazardous_recycling_tonnes,lead_air_kg,15,-0.16040335517289905,-0.1928571428571428,0.16040335517289905,0.1928571428571428
VIC,15,hazardous_recycling_tonnes,copper_air_kg,15,0.13204012335278945,0.532142857142857,0.13204012335278945,0.532142857142857
VIC,15,hazardous_recycling_tonnes,cadmium_air_kg,15,0.07857076523355498,0.6214285714285712,0.07857076523355498,0.6214285714285712
VIC,15,hazardous_recycling_tonnes,pm10_air_kg,15,0.060750857842731175,0.21428571428571427,0.060750857842731175,0.21428571428571427
VIC,15,hazardous_recycling_tonnes,nickel_air_kg,15,0.05445724963395367,-0.06071428571428571,0.05445724963395367,0.06071428571428571
VIC,15,hazardous_recycling_tonnes,pm10_land_kg,15,,,,
VIC,15,hazardous_recycling_tonnes,pm10_water_kg,15,,,,
VIC,15,hazardous_recycling_tonnes,pm25_land_kg,15,,,,
VIC,15,hazardous_recycling_tonnes,pm25_water_kg,15,,,,
VIC,15,hazardous_recycling_tonnes,tvoc_land_kg,15,,,,
VIC,15,hazardous_recycling_tonnes,tvoc_water_kg,15,,,,
WA,15,ewaste_proxy_tonnes,mercury_air_kg,15,-0.9145101549073625,-0.8857142857142855,0.9145101549073625,0.8857142857142855
WA,15,ewaste_proxy_tonnes,tvoc_air_kg,15,0.8715014531797938,0.8928571428571428,0.8715014531797938,0.8928571428571428
WA,15,ewaste_proxy_tonnes,copper_air_kg,15,0.8417254105379457,0.825,0.8417254105379457,0.825
WA,15,ewaste_proxy_tonnes,pm10_air_kg,15,0.8397710485598698,0.7892857142857141,0.8397710485598698,0.7892857142857141
WA,15,ewaste_proxy_tonnes,total_air_emission_kg,15,0.8351104201282782,0.7964285714285713,0.8351104201282782,0.7964285714285713
WA,15,ewaste_proxy_tonnes,total_land_emission_kg,15,0.7742245082305099,0.7142857142857142,0.7742245082305099,0.7142857142857142
WA,15,ewaste_proxy_tonnes,total_water_emission_kg,15,0.7525945283333703,0.7357142857142855,0.7525945283333703,0.7357142857142855
WA,15,ewaste_proxy_tonnes,mercury_water_kg,15,-0.6909167955052082,-0.7571428571428571,0.6909167955052082,0.7571428571428571
WA,15,ewaste_proxy_tonnes,cadmium_air_kg,15,-0.6314092194353358,-0.6642857142857141,0.6314092194353358,0.6642857142857141
WA,15,ewaste_proxy_tonnes,nickel_water_kg,15,-0.612902509953795,-0.5964285714285712,0.612902509953795,0.5964285714285712
WA,15,ewaste_proxy_tonnes,cadmium_water_kg,15,-0.5708023923024165,-0.6035714285714285,0.5708023923024165,0.6035714285714285
WA,15,ewaste_proxy_tonnes,nickel_land_kg,15,0.5697001879225665,0.5607142857142856,0.5697001879225665,0.5607142857142856
WA,15,ewaste_proxy_tonnes,chromium_air_kg,15,0.5665914434938721,0.36785714285714277,0.5665914434938721,0.36785714285714277
WA,15,ewaste_proxy_tonnes,zinc_land_kg,15,-0.5556015672299098,-0.48214285714285704,0.5556015672299098,0.48214285714285704
WA,15,ewaste_proxy_tonnes,nickel_air_kg,15,0.49361230143914697,0.47142857142857136,0.49361230143914697,0.47142857142857136
WA,15,ewaste_proxy_tonnes,pm25_air_kg,15,0.40913919656304915,0.38214285714285706,0.40913919656304915,0.38214285714285706
WA,15,ewaste_proxy_tonnes,tvoc_land_kg,15,-0.38132727437903435,-0.37115374447904503,0.38132727437903435,0.37115374447904503
WA,15,ewaste_proxy_tonnes,tvoc_water_kg,15,-0.38132727437903424,-0.37115374447904503,0.38132727437903424,0.37115374447904503
WA,15,ewaste_proxy_tonnes,lead_land_kg,15,-0.35878586464527673,-0.1928571428571428,0.35878586464527673,0.1928571428571428
WA,15,ewaste_proxy_tonnes,cadmium_land_kg,15,-0.3505637643223058,-0.4357142857142856,0.3505637643223058,0.4357142857142856
WA,15,ewaste_proxy_tonnes,lead_air_kg,15,-0.33760773163840707,-0.3178571428571428,0.33760773163840707,0.3178571428571428
WA,15,ewaste_proxy_tonnes,lead_water_kg,15,-0.3232710547134921,-0.15714285714285714,0.3232710547134921,0.15714285714285714
WA,15,ewaste_proxy_tonnes,zinc_air_kg,15,0.27752366076240126,0.17857142857142855,0.27752366076240126,0.17857142857142855
WA,15,ewaste_proxy_tonnes,chromium_water_kg,15,0.2753236068054656,-0.14285714285714282,0.2753236068054656,0.14285714285714282
WA,15,ewaste_proxy_tonnes,copper_water_kg,15,-0.2558148603395937,-0.36785714285714277,0.2558148603395937,0.36785714285714277
WA,15,ewaste_proxy_tonnes,mercury_land_kg,15,-0.17098952655078195,-0.13214285714285715,0.17098952655078195,0.13214285714285715
WA,15,ewaste_proxy_tonnes,copper_land_kg,15,-0.1612198958841598,-0.021428571428571425,0.1612198958841598,0.021428571428571425
WA,15,ewaste_proxy_tonnes,zinc_water_kg,15,0.13768173097494046,0.13214285714285715,0.13768173097494046,0.13214285714285715
WA,15,ewaste_proxy_tonnes,chromium_land_kg,15,-0.13660647243466106,0.1928571428571428,0.13660647243466106,0.1928571428571428
WA,15,ewaste_proxy_tonnes,pm10_land_kg,15,,,,
WA,15,ewaste_proxy_tonnes,pm10_water_kg,15,,,,
WA,15,ewaste_proxy_tonnes,pm25_land_kg,15,,,,
WA,15,ewaste_proxy_tonnes,pm25_water_kg,15,,,,
WA,15,hazardous_disposal_tonnes,tvoc_air_kg,15,0.9517350772434333,0.9642857142857141,0.9517350772434333,0.9642857142857141
WA,15,hazardous_disposal_tonnes,mercury_air_kg,15,-0.8918130495737934,-0.9249999999999998,0.8918130495737934,0.9249999999999998
WA,15,hazardous_disposal_tonnes,total_water_emission_kg,15,0.84359782010291,0.8428571428571429,0.84359782010291,0.8428571428571429
WA,15,hazardous_disposal_tonnes,copper_air_kg,15,0.8192664343284195,0.8785714285714284,0.8192664343284195,0.8785714285714284
WA,15,hazardous_disposal_tonnes,pm10_air_kg,15,0.8128987903546193,0.8321428571428571,0.8128987903546193,0.8321428571428571
WA,15,hazardous_disposal_tonnes,total_air_emission_kg,15,0.7819426015264371,0.8107142857142855,0.7819426015264371,0.8107142857142855
WA,15,hazardous_disposal_tonnes,nickel_water_kg,15,-0.7730568603948427,-0.7214285714285712,0.7730568603948427,0.7214285714285712
WA,15,hazardous_disposal_tonnes,total_land_emission_kg,15,0.7081604779581008,0.7535714285714286,0.7081604779581008,0.7535714285714286
WA,15,hazardous_disposal_tonnes,cadmium_air_kg,15,-0.70712904798671,-0.6892857142857142,0.70712904798671,0.6892857142857142
WA,15,hazardous_disposal_tonnes,nickel_land_kg,15,0.7024513842871797,0.6321428571428571,0.7024513842871797,0.6321428571428571
WA,15,hazardous_disposal_tonnes,mercury_water_kg,15,-0.6842840853403053,-0.7607142857142856,0.6842840853403053,0.7607142857142856
WA,15,hazardous_disposal_tonnes,cadmium_water_kg,15,-0.6683163991283321,-0.6964285714285713,0.6683163991283321,0.6964285714285713
WA,15,hazardous_disposal_tonnes,nickel_air_kg,15,0.5461409212110441,0.5035714285714286,0.5461409212110441,0.5035714285714286
WA,15,hazardous_disposal_tonnes,zinc_land_kg,15,-0.5165224996781991,-0.47857142857142854,0.5165224996781991,0.47857142857142854
WA,15,hazardous_disposal_tonnes,pm25_air_kg,15,0.48321469996850236,0.4892857142857142,0.48321469996850236,0.4892857142857142
WA,15,hazardous_disposal_tonnes,chromium_air_kg,15,0.46282594935493915,0.3714285714285714,0.46282594935493915,0.3714285714285714
WA,15,hazardous_disposal_tonnes,cadmium_land_kg,15,-0.4576912437512276,-0.4928571428571427,0.4576912437512276,0.4928571428571427
WA,15,hazardous_disposal_tonnes,lead_air_kg,15,-0.37719918573957983,-0.43214285714285705,0.37719918573957983,0.43214285714285705
WA,15,hazardous_disposal_tonnes,copper_water_kg,15,-0.36610313870733463,-0.37857142857142856,0.36610313870733463,0.37857142857142856
WA,15,hazardous_disposal_tonnes,lead_land_kg,15,-0.3549458238701733,-0.2642857142857143,0.3549458238701733,0.2642857142857143
WA,15,hazardous_disposal_tonnes,tvoc_land_kg,15,-0.3538345861159554,-0.43301270189221924,0.3538345861159554,0.43301270189221924
WA,15,hazardous_disposal_tonnes,tvoc_water_kg,15,-0.3538345861159554,-0.43301270189221924,0.3538345861159554,0.43301270189221924
WA,15,hazardous_disposal_tonnes,zinc_air_kg,15,0.3338969073833548,0.1607142857142857,0.3338969073833548,0.1607142857142857
WA,15,hazardous_disposal_tonnes,chromium_water_kg,15,0.30990943967969176,-0.007142857142857141,0.30990943967969176,0.007142857142857141
WA,15,hazardous_disposal_tonnes,lead_water_kg,15,-0.2812985667471669,-0.2964285714285714,0.2812985667471669,0.2964285714285714
WA,15,hazardous_disposal_tonnes,zinc_water_kg,15,0.20196300505006154,0.2178571428571428,0.20196300505006154,0.2178571428571428
WA,15,hazardous_disposal_tonnes,chromium_land_kg,15,-0.17378945541611163,0.11428571428571425,0.17378945541611163,0.11428571428571425
WA,15,hazardous_disposal_tonnes,mercury_land_kg,15,-0.12068635470534529,-0.18928571428571428,0.12068635470534529,0.18928571428571428
WA,15,hazardous_disposal_tonnes,copper_land_kg,15,0.024681085908556017,0.1357142857142857,0.024681085908556017,0.1357142857142857
WA,15,hazardous_disposal_tonnes,pm10_land_kg,15,,,,
WA,15,hazardous_disposal_tonnes,pm10_water_kg,15,,,,
WA,15,hazardous_disposal_tonnes,pm25_land_kg,15,,,,
WA,15,hazardous_disposal_tonnes,pm25_water_kg,15,,,,
WA,15,hazardous_recycling_tonnes,mercury_air_kg,15,-0.7790579940352461,-0.7,0.7790579940352461,0.7
WA,15,hazardous_recycling_tonnes,total_air_emission_kg,15,0.7427738118196958,0.6928571428571427,0.7427738118196958,0.6928571428571427
WA,15,hazardous_recycling_tonnes,total_land_emission_kg,15,0.7342128022501536,0.6607142857142856,0.7342128022501536,0.6607142857142856
WA,15,hazardous_recycling_tonnes,pm10_air_kg,15,0.7086764871428258,0.6142857142857142,0.7086764871428258,0.6142857142857142
WA,15,hazardous_recycling_tonnes,copper_air_kg,15,0.7077060718538505,0.5964285714285712,0.7077060718538505,0.5964285714285712
WA,15,hazardous_recycling_tonnes,chromium_air_kg,15,0.625703213525467,0.27499999999999997,0.625703213525467,0.27499999999999997
WA,15,hazardous_recycling_tonnes,tvoc_air_kg,15,0.5965845298037376,0.5214285714285714,0.5965845298037376,0.5214285714285714
WA,15,hazardous_recycling_tonnes,mercury_water_kg,15,-0.5710762382772803,-0.42142857142857143,0.5710762382772803,0.42142857142857143
WA,15,hazardous_recycling_tonnes,zinc_land_kg,15,-0.5098431747813494,-0.42499999999999993,0.5098431747813494,0.42499999999999993
WA,15,hazardous_recycling_tonnes,total_water_emission_kg,15,0.4869358618749369,0.3428571428571428,0.4869358618749369,0.3428571428571428
WA,15,hazardous_recycling_tonnes,copper_land_kg,15,-0.4227997042874864,-0.2714285714285714,0.4227997042874864,0.2714285714285714
WA,15,hazardous_recycling_tonnes,cadmium_air_kg,15,-0.409257174039795,-0.4071428571428571,0.409257174039795,0.4071428571428571
WA,15,hazardous_recycling_tonnes,tvoc_land_kg,15,-0.3526082850419573,-0.24743582965269673,0.3526082850419573,0.24743582965269673
WA,15,hazardous_recycling_tonnes,tvoc_water_kg,15,-0.3526082850419571,-0.24743582965269673,0.3526082850419571,0.24743582965269673
WA,15,hazardous_recycling_tonnes,lead_water_kg,15,-0.32898811177167514,0.05714285714285713,0.32898811177167514,0.05714285714285713
WA,15,hazardous_recycling_tonnes,cadmium_water_kg,15,-0.3211889203339394,-0.18214285714285713,0.3211889203339394,0.18214285714285713
WA,15,hazardous_recycling_tonnes,nickel_air_kg,15,0.3123329457292025,0.3214285714285714,0.3123329457292025,0.3214285714285714
WA,15,hazardous_recycling_tonnes,lead_land_kg,15,-0.2951346103008223,-0.05357142857142857,0.2951346103008223,0.05357142857142857
WA,15,hazardous_recycling_tonnes,nickel_land_kg,15,0.26777444738620826,0.1464285714285714,0.26777444738620826,0.1464285714285714
WA,15,hazardous_recycling_tonnes,nickel_water_kg,15,-0.24160592551900187,-0.16428571428571426,0.24160592551900187,0.16428571428571426
WA,15,hazardous_recycling_tonnes,lead_air_kg,15,-0.22984438257721093,0.021428571428571425,0.22984438257721093,0.021428571428571425
WA,15,hazardous_recycling_tonnes,pm25_air_kg,15,0.21021078152831274,0.1357142857142857,0.21021078152831274,0.1357142857142857
WA,15,hazardous_recycling_tonnes,mercury_land_kg,15,-0.1932903231925597,-0.16428571428571426,0.1932903231925597,0.16428571428571426
WA,15,hazardous_recycling_tonnes,chromium_water_kg,15,0.17298627410683426,-0.125,0.17298627410683426,0.125
WA,15,hazardous_recycling_tonnes,zinc_air_kg,15,0.11900573487236021,0.1607142857142857,0.11900573487236021,0.1607142857142857
WA,15,hazardous_recycling_tonnes,cadmium_land_kg,15,-0.10571341018666415,-0.014285714285714282,0.10571341018666415,0.014285714285714282
WA,15,hazardous_recycling_tonnes,chromium_land_kg,15,-0.04842456779603291,0.27499999999999997,0.04842456779603291,0.27499999999999997
WA,15,hazardous_recycling_tonnes,copper_water_kg,15,-0.027041589186500122,0.0035714285714285704,0.027041589186500122,0.0035714285714285704
WA,15,hazardous_recycling_tonnes,zinc_water_kg,15,-0.006505923209249263,0.15714285714285714,0.006505923209249263,0.15714285714285714
WA,15,hazardous_recycling_tonnes,pm10_land_kg,15,,,,
WA,15,hazardous_recycling_tonnes,pm10_water_kg,15,,,,
WA,15,hazardous_recycling_tonnes,pm25_land_kg,15,,,,
WA,15,hazardous_recycling_tonnes,pm25_water_kg,15,,,,
