health_metric,emissions_metric,n_state_year_pairs,n_predictors,raw_beta,standardized_beta,abs_standardized_beta,intercept,r_squared,adjusted_r_squared,condition_number
age_standardised_rate_per_100000,zinc_air_kg,40,27,0.003778207447431401,5.0527182992621125,5.0527182992621125,491.32628574546266,0.8516117136017243,0.517738069205604,877691315.9059019
age_standardised_rate_per_100000,nickel_air_kg,40,27,-0.002438431024373456,-4.157951237219354,4.157951237219354,491.32628574546266,0.8516117136017243,0.517738069205604,877691315.9059019
age_standardised_rate_per_100000,chromium_air_kg,40,27,0.0026969612897835603,3.7615019320731737,3.7615019320731737,491.32628574546266,0.8516117136017243,0.517738069205604,877691315.9059019
age_standardised_rate_per_100000,total_air_emission_kg,40,27,-5.769059481201757e-07,-3.6667758972948206,3.6667758972948206,491.32628574546266,0.8516117136017243,0.517738069205604,877691315.9059019
age_standardised_rate_per_100000,tvoc_air_kg,40,27,1.6357340808085437e-05,3.2499939849289343,3.2499939849289343,491.32628574546266,0.8516117136017243,0.517738069205604,877691315.9059019
age_standardised_rate_per_100000,zinc_land_kg,40,27,0.004336127562069911,2.39951584456401,2.39951584456401,491.32628574546266,0.8516117136017243,0.517738069205604,877691315.9059019
age_standardised_rate_per_100000,lead_land_kg,40,27,-0.00611943601897632,-1.7778648288044665,1.7778648288044665,491.32628574546266,0.8516117136017243,0.517738069205604,877691315.9059019
age_standardised_rate_per_100000,cadmium_land_kg,40,27,1.4485721657041613,1.4017259456973674,1.4017259456973674,491.32628574546266,0.8516117136017243,0.517738069205604,877691315.9059019
age_standardised_rate_per_100000,copper_air_kg,40,27,-0.0012550512038708688,-0.9865639777563042,0.9865639777563042,491.32628574546266,0.8516117136017243,0.517738069205604,877691315.9059019
age_standardised_rate_per_100000,pm25_air_kg,40,27,-1.704163527030405e-05,-0.8905175991119951,0.8905175991119951,491.32628574546266,0.8516117136017243,0.517738069205604,877691315.9059019
age_standardised_rate_per_100000,lead_water_kg,40,27,-0.007256851755593939,-0.8458370761973093,0.8458370761973093,491.32628574546266,0.8516117136017243,0.517738069205604,877691315.9059019
age_standardised_rate_per_100000,lead_air_kg,40,27,-0.0012142868712984236,-0.7438942055003668,0.7438942055003668,491.32628574546266,0.8516117136017243,0.517738069205604,877691315.9059019
age_standardised_rate_per_100000,nickel_land_kg,40,27,-0.0011226256819242024,-0.6961034447253066,0.6961034447253066,491.32628574546266,0.8516117136017243,0.517738069205604,877691315.9059019
age_standardised_rate_per_100000,mercury_air_kg,40,27,-0.04499072187502973,-0.5676289929748902,0.5676289929748902,491.32628574546266,0.8516117136017243,0.517738069205604,877691315.9059019
age_standardised_rate_per_100000,mercury_land_kg,40,27,-5.320668698316769,-0.5655130262402124,0.5655130262402124,491.32628574546266,0.8516117136017243,0.517738069205604,877691315.9059019
age_standardised_rate_per_100000,nickel_water_kg,40,27,0.02391237675546497,0.5540131833970273,0.5540131833970273,491.32628574546266,0.8516117136017243,0.517738069205604,877691315.9059019
age_standardised_rate_per_100000,cadmium_water_kg,40,27,0.05822536033483801,0.5272039436098577,0.5272039436098577,491.32628574546266,0.8516117136017243,0.517738069205604,877691315.9059019
age_standardised_rate_per_100000,total_land_emission_kg,40,27,-4.713975848365078e-05,-0.5127539908593558,0.5127539908593558,491.32628574546266,0.8516117136017243,0.517738069205604,877691315.9059019
age_standardised_rate_per_100000,pm10_air_kg,40,27,-1.726819564225878e-07,-0.45437033223052253,0.45437033223052253,491.32628574546266,0.8516117136017243,0.517738069205604,877691315.9059019
age_standardised_rate_per_100000,copper_land_kg,40,27,-0.007081867586498751,-0.446809838178964,0.446809838178964,491.32628574546266,0.8516117136017243,0.517738069205604,877691315.9059019
age_standardised_rate_per_100000,chromium_land_kg,40,27,0.0024880991490985873,0.3155103844855797,0.3155103844855797,491.32628574546266,0.8516117136017243,0.517738069205604,877691315.9059019
age_standardised_rate_per_100000,mercury_water_kg,40,27,0.8739361372215337,0.15017434227475224,0.15017434227475224,491.32628574546266,0.8516117136017243,0.517738069205604,877691315.9059019
age_standardised_rate_per_100000,copper_water_kg,40,27,-0.0005599035599463234,-0.1056766427461471,0.1056766427461471,491.32628574546266,0.8516117136017243,0.517738069205604,877691315.9059019
age_standardised_rate_per_100000,chromium_water_kg,40,27,0.0015317228226908136,0.08077024797244636,0.08077024797244636,491.32628574546266,0.8516117136017243,0.517738069205604,877691315.9059019
age_standardised_rate_per_100000,total_water_emission_kg,40,27,-4.07970458958841e-07,-0.07342573701518312,0.07342573701518312,491.32628574546266,0.8516117136017243,0.517738069205604,877691315.9059019
age_standardised_rate_per_100000,zinc_water_kg,40,27,-0.00016367191016654478,-0.06732507700544435,0.06732507700544435,491.32628574546266,0.8516117136017243,0.517738069205604,877691315.9059019
age_standardised_rate_per_100000,cadmium_air_kg,40,27,-0.0031310015393622966,-0.03951397700281134,0.03951397700281134,491.32628574546266,0.8516117136017243,0.517738069205604,877691315.9059019
crude_rate_per_100000,nickel_air_kg,40,27,-0.0048552614201150136,-4.856696342615072,4.856696342615072,505.7752605224886,0.9806548844584696,0.9371283744900262,877691315.9059019
crude_rate_per_100000,total_air_emission_kg,40,27,1.1595471694671077e-06,4.323417609117319,4.323417609117319,505.7752605224886,0.9806548844584696,0.9371283744900262,877691315.9059019
crude_rate_per_100000,pm10_air_kg,40,27,2.096146370448217e-06,3.235519543993684,3.235519543993684,505.7752605224886,0.9806548844584696,0.9371283744900262,877691315.9059019
crude_rate_per_100000,zinc_air_kg,40,27,-0.004009972381875612,-3.145865013731851,3.145865013731851,505.7752605224886,0.9806548844584696,0.9371283744900262,877691315.9059019
crude_rate_per_100000,zinc_land_kg,40,27,0.006944393896395554,2.2543188085251167,2.2543188085251167,505.7752605224886,0.9806548844584696,0.9371283744900262,877691315.9059019
crude_rate_per_100000,mercury_air_kg,40,27,-0.22744317719090193,-1.683348117740764,1.683348117740764,505.7752605224886,0.9806548844584696,0.9371283744900262,877691315.9059019
crude_rate_per_100000,total_water_emission_kg,40,27,-1.499688874601401e-05,-1.583361872362992,1.583361872362992,505.7752605224886,0.9806548844584696,0.9371283744900262,877691315.9059019
crude_rate_per_100000,pm25_air_kg,40,27,-4.5769164514653116e-05,-1.4030192865609736,1.4030192865609736,505.7752605224886,0.9806548844584696,0.9371283744900262,877691315.9059019
crude_rate_per_100000,chromium_air_kg,40,27,0.001339809759613544,1.0961983121849936,1.0961983121849936,505.7752605224886,0.9806548844584696,0.9371283744900262,877691315.9059019
crude_rate_per_100000,total_land_emission_kg,40,27,0.000166744692647926,1.0639791841734054,1.0639791841734054,505.7752605224886,0.9806548844584696,0.9371283744900262,877691315.9059019
crude_rate_per_100000,mercury_water_kg,40,27,10.019644192386455,1.0100148428567826,1.0100148428567826,505.7752605224886,0.9806548844584696,0.9371283744900262,877691315.9059019
crude_rate_per_100000,cadmium_land_kg,40,27,1.4723338042783374,0.8357736512287048,0.8357736512287048,505.7752605224886,0.9806548844584696,0.9371283744900262,877691315.9059019
crude_rate_per_100000,lead_land_kg,40,27,-0.004473500522844123,-0.7624199436771415,0.7624199436771415,505.7752605224886,0.9806548844584696,0.9371283744900262,877691315.9059019
crude_rate_per_100000,lead_air_kg,40,27,-0.0018728716876354457,-0.6730654790096771,0.6730654790096771,505.7752605224886,0.9806548844584696,0.9371283744900262,877691315.9059019
crude_rate_per_100000,mercury_land_kg,40,27,-9.585240433321568,-0.5976388512830727,0.5976388512830727,505.7752605224886,0.9806548844584696,0.9371283744900262,877691315.9059019
crude_rate_per_100000,cadmium_air_kg,40,27,0.07416683868677063,0.5490812899209863,0.5490812899209863,505.7752605224886,0.9806548844584696,0.9371283744900262,877691315.9059019
crude_rate_per_100000,tvoc_air_kg,40,27,4.6999768240963946e-06,0.5478037324489746,0.5478037324489746,505.7752605224886,0.9806548844584696,0.9371283744900262,877691315.9059019
crude_rate_per_100000,chromium_land_kg,40,27,-0.006516274730694992,-0.48473544454686196,0.48473544454686196,505.7752605224886,0.9806548844584696,0.9371283744900262,877691315.9059019
crude_rate_per_100000,chromium_water_kg,40,27,-0.014409636288257286,-0.44574211309331657,0.44574211309331657,505.7752605224886,0.9806548844584696,0.9371283744900262,877691315.9059019
crude_rate_per_100000,cadmium_water_kg,40,27,0.06920420362620136,0.36758548714122474,0.36758548714122474,505.7752605224886,0.9806548844584696,0.9371283744900262,877691315.9059019
crude_rate_per_100000,nickel_land_kg,40,27,-0.0009799841932291167,-0.3564653297342133,0.3564653297342133,505.7752605224886,0.9806548844584696,0.9371283744900262,877691315.9059019
crude_rate_per_100000,lead_water_kg,40,27,-0.005088649631352227,-0.3479368536372641,0.3479368536372641,505.7752605224886,0.9806548844584696,0.9371283744900262,877691315.9059019
crude_rate_per_100000,zinc_water_kg,40,27,0.0014251811365742274,0.3439000105110719,0.3439000105110719,505.7752605224886,0.9806548844584696,0.9371283744900262,877691315.9059019
crude_rate_per_100000,nickel_water_kg,40,27,-0.022318371950332528,-0.30333273545385664,0.30333273545385664,505.7752605224886,0.9806548844584696,0.9371283744900262,877691315.9059019
crude_rate_per_100000,copper_land_kg,40,27,-0.0031077850486274467,-0.115023165025118,0.115023165025118,505.7752605224886,0.9806548844584696,0.9371283744900262,877691315.9059019
crude_rate_per_100000,copper_air_kg,40,27,-0.00016592617909460234,-0.07651351217859159,0.07651351217859159,505.7752605224886,0.9806548844584696,0.9371283744900262,877691315.9059019
crude_rate_per_100000,copper_water_kg,40,27,-0.0006642569263333684,-0.07354637743760783,0.07354637743760783,505.7752605224886,0.9806548844584696,0.9371283744900262,877691315.9059019
deaths,zinc_air_kg,40,27,-0.6034807994513853,-3.059756390843936,3.059756390843936,420.489734570756,0.9935374398450375,0.9789966794963719,877691315.9059019
deaths,nickel_air_kg,40,27,-0.37210267726193474,-2.4055579227333586,2.4055579227333586,420.489734570756,0.9935374398450375,0.9789966794963719,877691315.9059019
deaths,total_air_emission_kg,40,27,9.412469865593867e-05,2.268125375020908,2.268125375020908,420.489734570756,0.9935374398450375,0.9789966794963719,877691315.9059019
deaths,pm10_air_kg,40,27,0.00018642807565310868,1.8597665421793084,1.8597665421793084,420.489734570756,0.9935374398450375,0.9789966794963719,877691315.9059019
deaths,total_water_emission_kg,40,27,0.0009305258721434312,0.6349392247379821,0.6349392247379821,420.489734570756,0.9935374398450375,0.9789966794963719,877691315.9059019
deaths,pm25_air_kg,40,27,0.0031518993295153045,0.6244356443715057,0.6244356443715057,420.489734570756,0.9935374398450375,0.9789966794963719,877691315.9059019
deaths,cadmium_land_kg,40,27,137.56525507945784,0.5046797058473513,0.5046797058473513,420.489734570756,0.9935374398450375,0.9789966794963719,877691315.9059019
deaths,mercury_air_kg,40,27,-9.843883229643081,-0.4708604021159195,0.4708604021159195,420.489734570756,0.9935374398450375,0.9789966794963719,877691315.9059019
deaths,zinc_land_kg,40,27,0.18006327545057513,0.37777292196040463,0.37777292196040463,420.489734570756,0.9935374398450375,0.9789966794963719,877691315.9059019
deaths,tvoc_air_kg,40,27,0.00048278595152483896,0.3636709292926985,0.3636709292926985,420.489734570756,0.9935374398450375,0.9789966794963719,877691315.9059019
deaths,mercury_water_kg,40,27,541.3062895184513,0.3526494585043659,0.3526494585043659,420.489734570756,0.9935374398450375,0.9789966794963719,877691315.9059019
deaths,lead_land_kg,40,27,-0.268904075713014,-0.2961889363330571,0.2961889363330571,420.489734570756,0.9935374398450375,0.9789966794963719,877691315.9059019
deaths,copper_water_kg,40,27,-0.37440350448773513,-0.26791053482599997,0.26791053482599997,420.489734570756,0.9935374398450375,0.9789966794963719,877691315.9059019
deaths,cadmium_air_kg,40,27,5.497675734937052,0.2630453867168252,0.2630453867168252,420.489734570756,0.9935374398450375,0.9789966794963719,877691315.9059019
deaths,chromium_air_kg,40,27,-0.04478315428570635,-0.23680199849274086,0.23680199849274086,420.489734570756,0.9935374398450375,0.9789966794963719,877691315.9059019
deaths,total_land_emission_kg,40,27,-0.005522147934525061,-0.2277266410351403,0.2277266410351403,420.489734570756,0.9935374398450375,0.9789966794963719,877691315.9059019
deaths,zinc_water_kg,40,27,-0.13134862841998762,-0.20483886336026874,0.20483886336026874,420.489734570756,0.9935374398450375,0.9789966794963719,877691315.9059019
deaths,nickel_land_kg,40,27,-0.07814755840178692,-0.18371234076005705,0.18371234076005705,420.489734570756,0.9935374398450375,0.9789966794963719,877691315.9059019
deaths,chromium_land_kg,40,27,-0.3279386430095968,-0.15766041948180998,0.15766041948180998,420.489734570756,0.9935374398450375,0.9789966794963719,877691315.9059019
deaths,chromium_water_kg,40,27,-0.6865894051725465,-0.13726266848584012,0.13726266848584012,420.489734570756,0.9935374398450375,0.9789966794963719,877691315.9059019
deaths,lead_water_kg,40,27,-0.1735346440859976,-0.07668470714883531,0.07668470714883531,420.489734570756,0.9935374398450375,0.9789966794963719,877691315.9059019
deaths,lead_air_kg,40,27,0.026570138809681457,0.06171174215102515,0.06171174215102515,420.489734570756,0.9935374398450375,0.9789966794963719,877691315.9059019
deaths,cadmium_water_kg,40,27,1.6047411337909656,0.055087816350178676,0.055087816350178676,420.489734570756,0.9935374398450375,0.9789966794963719,877691315.9059019
deaths,mercury_land_kg,40,27,30.96469454945823,0.012477492086771791,0.012477492086771791,420.489734570756,0.9935374398450375,0.9789966794963719,877691315.9059019
deaths,nickel_water_kg,40,27,-0.06568569701779878,-0.005769687279631119,0.005769687279631119,420.489734570756,0.9935374398450375,0.9789966794963719,877691315.9059019
deaths,copper_land_kg,40,27,-0.015290103344318177,-0.003657374671958258,0.003657374671958258,420.489734570756,0.9935374398450375,0.9789966794963719,877691315.9059019
deaths,copper_air_kg,40,27,-0.00018500521958975984,-0.0005513557375437794,0.0005513557375437794,420.489734570756,0.9935374398450375,0.9789966794963719,877691315.9059019
median_age,total_air_emission_kg,40,27,8.246873504625552e-08,7.997589402468351,7.997589402468351,81.2180072571306,0.9242425918570567,0.7537884235354343,877691315.9059019
median_age,zinc_air_kg,40,27,-0.0003286415649451904,-6.70582468920686,6.70582468920686,81.2180072571306,0.9242425918570567,0.7537884235354343,877691315.9059019
median_age,tvoc_air_kg,40,27,-7.890294264087978e-07,-2.3919575850241763,2.3919575850241763,81.2180072571306,0.9242425918570567,0.7537884235354343,877691315.9059019
median_age,pm10_air_kg,40,27,4.093381712551985e-08,1.6433711954993675,1.6433711954993675,81.2180072571306,0.9242425918570567,0.7537884235354343,877691315.9059019
median_age,mercury_air_kg,40,27,-0.007104327916820602,-1.3675871984013213,1.3675871984013213,81.2180072571306,0.9242425918570567,0.7537884235354343,877691315.9059019
median_age,chromium_land_kg,40,27,-0.0006631717821484749,-1.2831056967951355,1.2831056967951355,81.2180072571306,0.9242425918570567,0.7537884235354343,877691315.9059019
median_age,lead_land_kg,40,27,0.0002421220394299853,1.0732776424831316,1.0732776424831316,81.2180072571306,0.9242425918570567,0.7537884235354343,877691315.9059019
median_age,total_water_emission_kg,40,27,-3.8470365738148016e-07,-1.0564193120437846,1.0564193120437846,81.2180072571306,0.9242425918570567,0.7537884235354343,877691315.9059019
median_age,total_land_emission_kg,40,27,6.1515371605668755e-06,1.0209295333510697,1.0209295333510697,81.2180072571306,0.9242425918570567,0.7537884235354343,877691315.9059019
median_age,mercury_water_kg,40,27,0.33488456163535174,0.878014295060705,0.878014295060705,81.2180072571306,0.9242425918570567,0.7537884235354343,877691315.9059019
median_age,nickel_water_kg,40,27,-0.0023856595503574034,-0.8433274583271253,0.8433274583271253,81.2180072571306,0.9242425918570567,0.7537884235354343,877691315.9059019
median_age,pm25_air_kg,40,27,-1.010458073300395e-06,-0.8056380283939188,0.8056380283939188,81.2180072571306,0.9242425918570567,0.7537884235354343,877691315.9059019
median_age,chromium_air_kg,40,27,-3.706429971923462e-05,-0.7887380540580262,0.7887380540580262,81.2180072571306,0.9242425918570567,0.7537884235354343,877691315.9059019
median_age,copper_air_kg,40,27,6.293059698198638e-05,0.7547725208661603,0.7547725208661603,81.2180072571306,0.9242425918570567,0.7537884235354343,877691315.9059019
median_age,lead_water_kg,40,27,0.00040404321424113984,0.7185495193981308,0.7185495193981308,81.2180072571306,0.9242425918570567,0.7537884235354343,877691315.9059019
median_age,cadmium_land_kg,40,27,-0.04186831098899351,-0.6181570643222879,0.6181570643222879,81.2180072571306,0.9242425918570567,0.7537884235354343,877691315.9059019
median_age,cadmium_air_kg,40,27,0.0029462162114569264,0.567312686723054,0.567312686723054,81.2180072571306,0.9242425918570567,0.7537884235354343,877691315.9059019
median_age,chromium_water_kg,40,27,-0.0006637964906372874,-0.5340680580129755,0.5340680580129755,81.2180072571306,0.9242425918570567,0.7537884235354343,877691315.9059019
median_age,copper_land_kg,40,27,0.0005466015497874163,0.5261822610950093,0.5261822610950093,81.2180072571306,0.9242425918570567,0.7537884235354343,877691315.9059019
median_age,zinc_water_kg,40,27,-7.241463613022864e-05,-0.45448492224028664,0.45448492224028664,81.2180072571306,0.9242425918570567,0.7537884235354343,877691315.9059019
median_age,nickel_air_kg,40,27,-1.6118636846709672e-05,-0.4193606207813705,0.4193606207813705,81.2180072571306,0.9242425918570567,0.7537884235354343,877691315.9059019
median_age,copper_water_kg,40,27,-0.00010503291203882664,-0.3024695112565189,0.3024695112565189,81.2180072571306,0.9242425918570567,0.7537884235354343,877691315.9059019
median_age,lead_air_kg,40,27,-2.6973902648698026e-05,-0.2521297431025993,0.2521297431025993,81.2180072571306,0.9242425918570567,0.7537884235354343,877691315.9059019
median_age,nickel_land_kg,40,27,2.4070533254644914e-05,0.22772721796782286,0.22772721796782286,81.2180072571306,0.9242425918570567,0.7537884235354343,877691315.9059019
median_age,zinc_land_kg,40,27,2.1581518976408823e-05,0.1822191429901251,0.1822191429901251,81.2180072571306,0.9242425918570567,0.7537884235354343,877691315.9059019
median_age,cadmium_water_kg,40,27,-0.0003250128325876402,-0.044901142665188964,0.044901142665188964,81.2180072571306,0.9242425918570567,0.7537884235354343,877691315.9059019
median_age,mercury_land_kg,40,27,-0.0158949610355217,-0.02577663858443202,0.02577663858443202,81.2180072571306,0.9242425918570567,0.7537884235354343,877691315.9059019
pad_asr_per_100000,total_air_emission_kg,40,27,-5.499049967436852e-07,-6.937541769107282,6.937541769107282,89.62502335703175,0.884627798225874,0.6250403442340906,877691315.9059019
pad_asr_per_100000,zinc_air_kg,40,27,0.00242587536810358,6.439414256337869,6.439414256337869,89.62502335703175,0.884627798225874,0.6250403442340906,877691315.9059019
pad_asr_per_100000,tvoc_air_kg,40,27,7.219915751011999e-06,2.847348189851132,2.847348189851132,89.62502335703175,0.884627798225874,0.6250403442340906,877691315.9059019
pad_asr_per_100000,chromium_air_kg,40,27,0.000613884212413889,1.6994626901370429,1.6994626901370429,89.62502335703175,0.884627798225874,0.6250403442340906,877691315.9059019
pad_asr_per_100000,nickel_air_kg,40,27,-0.00046237550553653473,-1.5649567131849378,1.5649567131849378,89.62502335703175,0.884627798225874,0.6250403442340906,877691315.9059019
pad_asr_per_100000,lead_land_kg,40,27,-0.0017815309377552523,-1.027352074890441,1.027352074890441,89.62502335703175,0.884627798225874,0.6250403442340906,877691315.9059019
pad_asr_per_100000,chromium_land_kg,40,27,0.0040391630990326485,1.0166605201606,1.0166605201606,89.62502335703175,0.884627798225874,0.6250403442340906,877691315.9059019
pad_asr_per_100000,cadmium_land_kg,40,27,0.4923021843420921,0.945569232920442,0.945569232920442,89.62502335703175,0.884627798225874,0.6250403442340906,877691315.9059019
pad_asr_per_100000,copper_air_kg,40,27,-0.0005519912581789653,-0.8612606457593209,0.8612606457593209,89.62502335703175,0.884627798225874,0.6250403442340906,877691315.9059019
pad_asr_per_100000,pm10_air_kg,40,27,-1.5458823278559866e-07,-0.8073800844044203,0.8073800844044203,89.62502335703175,0.884627798225874,0.6250403442340906,877691315.9059019
pad_asr_per_100000,nickel_water_kg,40,27,0.016932510718862006,0.7786769294439526,0.7786769294439526,89.62502335703175,0.884627798225874,0.6250403442340906,877691315.9059019
pad_asr_per_100000,mercury_air_kg,40,27,0.0290792770227408,0.7282220199800046,0.7282220199800046,89.62502335703175,0.884627798225874,0.6250403442340906,877691315.9059019
pad_asr_per_100000,lead_water_kg,40,27,-0.003078635379154036,-0.712254687824276,0.712254687824276,89.62502335703175,0.884627798225874,0.6250403442340906,877691315.9059019
pad_asr_per_100000,total_water_emission_kg,40,27,1.6941190928545034e-06,0.6052044715490863,0.6052044715490863,89.62502335703175,0.884627798225874,0.6250403442340906,877691315.9059019
pad_asr_per_100000,mercury_water_kg,40,27,-1.5781675348787176,-0.5382793751200272,0.5382793751200272,89.62502335703175,0.884627798225874,0.6250403442340906,877691315.9059019
pad_asr_per_100000,total_land_emission_kg,40,27,-2.4546576689686695e-05,-0.5299699229321982,0.5299699229321982,89.62502335703175,0.884627798225874,0.6250403442340906,877691315.9059019
pad_asr_per_100000,copper_land_kg,40,27,-0.003945619653107979,-0.4941157949118954,0.4941157949118954,89.62502335703175,0.884627798225874,0.6250403442340906,877691315.9059019
pad_asr_per_100000,chromium_water_kg,40,27,0.00435272061422235,0.45558626108090006,0.45558626108090006,89.62502335703175,0.884627798225874,0.6250403442340906,877691315.9059019
pad_asr_per_100000,zinc_land_kg,40,27,0.00038091065692893896,0.418391920252158,0.418391920252158,89.62502335703175,0.884627798225874,0.6250403442340906,877691315.9059019
pad_asr_per_100000,zinc_water_kg,40,27,0.0005036631603100346,0.41122687341909836,0.41122687341909836,89.62502335703175,0.884627798225874,0.6250403442340906,877691315.9059019
pad_asr_per_100000,nickel_land_kg,40,27,-0.00032036818953141483,-0.3943000120914281,0.3943000120914281,89.62502335703175,0.884627798225874,0.6250403442340906,877691315.9059019
pad_asr_per_100000,cadmium_air_kg,40,27,-0.013658273760626767,-0.34213843825150225,0.34213843825150225,89.62502335703175,0.884627798225874,0.6250403442340906,877691315.9059019
pad_asr_per_100000,mercury_land_kg,40,27,-1.3987819829516874,-0.29509715257783775,0.29509715257783775,89.62502335703175,0.884627798225874,0.6250403442340906,877691315.9059019
pad_asr_per_100000,lead_air_kg,40,27,-0.000169056929826824,-0.2055708102880318,0.2055708102880318,89.62502335703175,0.884627798225874,0.6250403442340906,877691315.9059019
pad_asr_per_100000,copper_water_kg,40,27,0.0005366605842111475,0.20104999734011575,0.20104999734011575,89.62502335703175,0.884627798225874,0.6250403442340906,877691315.9059019
pad_asr_per_100000,cadmium_water_kg,40,27,0.006953033167937056,0.12496240074362397,0.12496240074362397,89.62502335703175,0.884627798225874,0.6250403442340906,877691315.9059019
pad_asr_per_100000,pm25_air_kg,40,27,1.1093534533286674e-06,0.11506408120362721,0.11506408120362721,89.62502335703175,0.884627798225874,0.6250403442340906,877691315.9059019
pad_percent,total_air_emission_kg,40,27,-6.865227307879461e-08,-8.728238204420288,8.728238204420288,49.5510300031559,0.8771071519493557,0.600598243835406,877691315.9059019
pad_percent,zinc_air_kg,40,27,0.00030638941830687786,8.196064471614728,8.196064471614728,49.5510300031559,0.8771071519493557,0.600598243835406,877691315.9059019
pad_percent,pm10_air_kg,40,27,-8.024467597301782e-08,-4.223490791645946,4.223490791645946,49.5510300031559,0.8771071519493557,0.600598243835406,877691315.9059019
pad_percent,nickel_air_kg,40,27,0.00011423660005120929,3.8964266327628834,3.8964266327628834,49.5510300031559,0.8771071519493557,0.600598243835406,877691315.9059019
pad_percent,mercury_air_kg,40,27,0.007315642098662218,1.846232435370467,1.846232435370467,49.5510300031559,0.8771071519493557,0.600598243835406,877691315.9059019
pad_percent,total_water_emission_kg,40,27,4.268321896772745e-07,1.5366291921714574,1.5366291921714574,49.5510300031559,0.8771071519493557,0.600598243835406,877691315.9059019
pad_percent,tvoc_air_kg,40,27,3.8642329645089743e-07,1.5357675023790245,1.5357675023790245,49.5510300031559,0.8771071519493557,0.600598243835406,877691315.9059019
pad_percent,mercury_water_kg,40,27,-0.3599577691502179,-1.2372569726055547,1.2372569726055547,49.5510300031559,0.8771071519493557,0.600598243835406,877691315.9059019
pad_percent,chromium_land_kg,40,27,0.0004471963114658223,1.1343223926553312,1.1343223926553312,49.5510300031559,0.8771071519493557,0.600598243835406,877691315.9059019
pad_percent,pm25_air_kg,40,27,9.969528034574477e-07,1.042073032712442,1.042073032712442,49.5510300031559,0.8771071519493557,0.600598243835406,877691315.9059019
pad_percent,zinc_land_kg,40,27,-8.785456459908906e-05,-0.9724744960875622,0.9724744960875622,49.5510300031559,0.8771071519493557,0.600598243835406,877691315.9059019
pad_percent,nickel_water_kg,40,27,0.0020393766591600745,0.9451203553577918,0.9451203553577918,49.5510300031559,0.8771071519493557,0.600598243835406,877691315.9059019
pad_percent,total_land_emission_kg,40,27,-3.5204944829072914e-06,-0.7659804437665398,0.7659804437665398,49.5510300031559,0.8771071519493557,0.600598243835406,877691315.9059019
pad_percent,lead_land_kg,40,27,-0.00012589599314025992,-0.7316301022029141,0.7316301022029141,49.5510300031559,0.8771071519493557,0.600598243835406,877691315.9059019
pad_percent,copper_air_kg,40,27,-3.861375831763319e-05,-0.6071530781085832,0.6071530781085832,49.5510300031559,0.8771071519493557,0.600598243835406,877691315.9059019
pad_percent,zinc_water_kg,40,27,7.168641146803417e-05,0.5898368019286002,0.5898368019286002,49.5510300031559,0.8771071519493557,0.600598243835406,877691315.9059019
pad_percent,chromium_water_kg,40,27,0.0005455390780579754,0.5754259135367277,0.5754259135367277,49.5510300031559,0.8771071519493557,0.600598243835406,877691315.9059019
pad_percent,cadmium_air_kg,40,27,-0.0017157475516909341,-0.43312491536159925,0.43312491536159925,49.5510300031559,0.8771071519493557,0.600598243835406,877691315.9059019
pad_percent,mercury_land_kg,40,27,0.16704634247756892,0.35514498322112353,0.35514498322112353,49.5510300031559,0.8771071519493557,0.600598243835406,877691315.9059019
pad_percent,cadmium_water_kg,40,27,-0.0018477294294375309,-0.3346548774037308,0.3346548774037308,49.5510300031559,0.8771071519493557,0.600598243835406,877691315.9059019
pad_percent,chromium_air_kg,40,27,-1.1044217324228268e-05,-0.30811570676658917,0.30811570676658917,49.5510300031559,0.8771071519493557,0.600598243835406,877691315.9059019
pad_percent,copper_land_kg,40,27,-0.00022975418047397768,-0.2899550418495009,0.2899550418495009,49.5510300031559,0.8771071519493557,0.600598243835406,877691315.9059019
pad_percent,lead_air_kg,40,27,2.2098590960810558e-05,0.2707988260177998,0.2707988260177998,49.5510300031559,0.8771071519493557,0.600598243835406,877691315.9059019
pad_percent,lead_water_kg,40,27,-0.0001056603208452264,-0.24634440864643398,0.24634440864643398,49.5510300031559,0.8771071519493557,0.600598243835406,877691315.9059019
pad_percent,copper_water_kg,40,27,5.3428595548433984e-05,0.20171205538624304,0.20171205538624304,49.5510300031559,0.8771071519493557,0.600598243835406,877691315.9059019
pad_percent,nickel_land_kg,40,27,1.0576071667458214e-05,0.13117634093770675,0.13117634093770675,49.5510300031559,0.8771071519493557,0.600598243835406,877691315.9059019
pad_percent,cadmium_land_kg,40,27,-0.0060931216629653085,-0.1179383760977748,0.1179383760977748,49.5510300031559,0.8771071519493557,0.600598243835406,877691315.9059019
potential_years_of_life_lost,zinc_air_kg,40,27,-2.3365683239543347,-2.429190476243222,2.429190476243222,4981.382085921749,0.9951451567403355,0.9842217594060905,877691315.9059019
potential_years_of_life_lost,nickel_air_kg,40,27,-1.2739146975614872,-1.6887021779127194,1.6887021779127194,4981.382085921749,0.9951451567403355,0.9842217594060905,877691315.9059019
potential_years_of_life_lost,pm10_air_kg,40,27,0.0007230909472703636,1.4791074667004231,1.4791074667004231,4981.382085921749,0.9951451567403355,0.9842217594060905,877691315.9059019
potential_years_of_life_lost,total_air_emission_kg,40,27,0.0002991600245738052,1.4781779178781143,1.4781779178781143,4981.382085921749,0.9951451567403355,0.9842217594060905,877691315.9059019
potential_years_of_life_lost,pm25_air_kg,40,27,0.023036096723622855,0.9358019216321533,0.9358019216321533,4981.382085921749,0.9951451567403355,0.9842217594060905,877691315.9059019
potential_years_of_life_lost,total_water_emission_kg,40,27,0.0055902017658933925,0.7821514939673894,0.7821514939673894,4981.382085921749,0.9951451567403355,0.9842217594060905,877691315.9059019
potential_years_of_life_lost,chromium_air_kg,40,27,-0.6152636014261589,-0.6671010101545554,0.6671010101545554,4981.382085921749,0.9951451567403355,0.9842217594060905,877691315.9059019
potential_years_of_life_lost,cadmium_land_kg,40,27,573.1094959181409,0.431126163334783,0.431126163334783,4981.382085921749,0.9951451567403355,0.9842217594060905,877691315.9059019
potential_years_of_life_lost,tvoc_air_kg,40,27,0.0021161381822243567,0.32685691467713684,0.32685691467713684,4981.382085921749,0.9951451567403355,0.9842217594060905,877691315.9059019
potential_years_of_life_lost,total_land_emission_kg,40,27,-0.03084705089841674,-0.2608429750435653,0.2608429750435653,4981.382085921749,0.9951451567403355,0.9842217594060905,877691315.9059019
potential_years_of_life_lost,copper_water_kg,40,27,-1.768737960301732,-0.2595213395774724,0.2595213395774724,4981.382085921749,0.9951451567403355,0.9842217594060905,877691315.9059019
potential_years_of_life_lost,cadmium_air_kg,40,27,23.125907714820755,0.22688722770126468,0.22688722770126468,4981.382085921749,0.9951451567403355,0.9842217594060905,877691315.9059019
potential_years_of_life_lost,mercury_air_kg,40,27,-21.760641087183753,-0.21343080042712115,0.21343080042712115,4981.382085921749,0.9951451567403355,0.9842217594060905,877691315.9059019
potential_years_of_life_lost,mercury_water_kg,40,27,1519.9016954404437,0.20303707063824744,0.20303707063824744,4981.382085921749,0.9951451567403355,0.9842217594060905,877691315.9059019
potential_years_of_life_lost,zinc_land_kg,40,27,-0.3680093477559301,-0.1583157858538487,0.1583157858538487,4981.382085921749,0.9951451567403355,0.9842217594060905,877691315.9059019
potential_years_of_life_lost,nickel_land_kg,40,27,-0.27906992385158225,-0.1345227207110428,0.1345227207110428,4981.382085921749,0.9951451567403355,0.9842217594060905,877691315.9059019
potential_years_of_life_lost,zinc_water_kg,40,27,-0.42037524655244374,-0.1344261131996674,0.1344261131996674,4981.382085921749,0.9951451567403355,0.9842217594060905,877691315.9059019
potential_years_of_life_lost,mercury_land_kg,40,27,1301.9550437828264,0.10757619587062961,0.10757619587062961,4981.382085921749,0.9951451567403355,0.9842217594060905,877691315.9059019
potential_years_of_life_lost,lead_air_kg,40,27,0.20637753898602837,0.09828700564376824,0.09828700564376824,4981.382085921749,0.9951451567403355,0.9842217594060905,877691315.9059019
potential_years_of_life_lost,chromium_water_kg,40,27,-1.688477124977985,-0.06921659209675535,0.06921659209675535,4981.382085921749,0.9951451567403355,0.9842217594060905,877691315.9059019
potential_years_of_life_lost,lead_water_kg,40,27,-0.5693986292450423,-0.05159393862234726,0.05159393862234726,4981.382085921749,0.9951451567403355,0.9842217594060905,877691315.9059019
potential_years_of_life_lost,nickel_water_kg,40,27,2.762268695893777,0.049751602636957715,0.049751602636957715,4981.382085921749,0.9951451567403355,0.9842217594060905,877691315.9059019
potential_years_of_life_lost,copper_air_kg,40,27,-0.061005011146516,-0.03727976096281531,0.03727976096281531,4981.382085921749,0.9951451567403355,0.9842217594060905,877691315.9059019
potential_years_of_life_lost,cadmium_water_kg,40,27,1.6568260938971133,0.011662380046223164,0.011662380046223164,4981.382085921749,0.9951451567403355,0.9842217594060905,877691315.9059019
potential_years_of_life_lost,chromium_land_kg,40,27,-0.0428274223194267,-0.004221936625213037,0.004221936625213037,4981.382085921749,0.9951451567403355,0.9842217594060905,877691315.9059019
potential_years_of_life_lost,lead_land_kg,40,27,-0.007622013605254521,-0.001721475548449064,0.001721475548449064,4981.382085921749,0.9951451567403355,0.9842217594060905,877691315.9059019
potential_years_of_life_lost,copper_land_kg,40,27,0.02357933828543966,0.0011565125150413275,0.0011565125150413275,4981.382085921749,0.9951451567403355,0.9842217594060905,877691315.9059019
potentially_avoidable_deaths,zinc_air_kg,40,27,-0.06798939820426572,-2.290987056341775,2.290987056341775,106.09622680536921,0.9948955897961613,0.9834106668375243,877691315.9059019
potentially_avoidable_deaths,nickel_air_kg,40,27,-0.034272378147118046,-1.4725000211250787,1.4725000211250787,106.09622680536921,0.9948955897961613,0.9834106668375243,877691315.9059019
potentially_avoidable_deaths,pm10_air_kg,40,27,2.0597509610003857e-05,1.3655885685445857,1.3655885685445857,106.09622680536921,0.9948955897961613,0.9834106668375243,877691315.9059019
potentially_avoidable_deaths,total_air_emission_kg,40,27,8.054010302296333e-06,1.2898335944233246,1.2898335944233246,106.09622680536921,0.9948955897961613,0.9834106668375243,877691315.9059019
potentially_avoidable_deaths,pm25_air_kg,40,27,0.0007807588895592588,1.0279934096265024,1.0279934096265024,106.09622680536921,0.9948955897961613,0.9834106668375243,877691315.9059019
potentially_avoidable_deaths,total_water_emission_kg,40,27,0.0001908129462585506,0.8653057445260226,0.8653057445260226,106.09622680536921,0.9948955897961613,0.9834106668375243,877691315.9059019
potentially_avoidable_deaths,chromium_air_kg,40,27,-0.021545853261590343,-0.7571683050695577,0.7571683050695577,106.09622680536921,0.9948955897961613,0.9834106668375243,877691315.9059019
potentially_avoidable_deaths,cadmium_land_kg,40,27,16.35832373172682,0.39884479329617706,0.39884479329617706,106.09622680536921,0.9948955897961613,0.9834106668375243,877691315.9059019
potentially_avoidable_deaths,tvoc_air_kg,40,27,5.454828312967473e-05,0.27308201138289834,0.27308201138289834,106.09622680536921,0.9948955897961613,0.9834106668375243,877691315.9059019
potentially_avoidable_deaths,total_land_emission_kg,40,27,-0.0009708242209723564,-0.2660752330631313,0.2660752330631313,106.09622680536921,0.9948955897961613,0.9834106668375243,877691315.9059019
potentially_avoidable_deaths,copper_water_kg,40,27,-0.05112266750606389,-0.24312042015620397,0.24312042015620397,106.09622680536921,0.9948955897961613,0.9834106668375243,877691315.9059019
potentially_avoidable_deaths,zinc_land_kg,40,27,-0.016952231461627026,-0.23636904345971332,0.23636904345971332,106.09622680536921,0.9948955897961613,0.9834106668375243,877691315.9059019
potentially_avoidable_deaths,cadmium_air_kg,40,27,0.7072132961689828,0.22488476299766308,0.22488476299766308,106.09622680536921,0.9948955897961613,0.9834106668375243,877691315.9059019
potentially_avoidable_deaths,mercury_air_kg,40,27,-0.5299519913178461,-0.16846911289733416,0.16846911289733416,106.09622680536921,0.9948955897961613,0.9834106668375243,877691315.9059019
potentially_avoidable_deaths,mercury_water_kg,40,27,38.49848021865324,0.16668701844341532,0.16668701844341532,106.09622680536921,0.9948955897961613,0.9834106668375243,877691315.9059019
potentially_avoidable_deaths,mercury_land_kg,40,27,48.51231895511385,0.12991837583849072,0.12991837583849072,106.09622680536921,0.9948955897961613,0.9834106668375243,877691315.9059019
potentially_avoidable_deaths,nickel_land_kg,40,27,-0.007263694626730435,-0.11348502027142046,0.11348502027142046,106.09622680536921,0.9948955897961613,0.9834106668375243,877691315.9059019
potentially_avoidable_deaths,lead_air_kg,40,27,0.007277569242563327,0.11233584971928687,0.11233584971928687,106.09622680536921,0.9948955897961613,0.9834106668375243,877691315.9059019
potentially_avoidable_deaths,zinc_water_kg,40,27,-0.008259329733653255,-0.08560313395603943,0.08560313395603943,106.09622680536921,0.9948955897961613,0.9834106668375243,877691315.9059019
potentially_avoidable_deaths,chromium_water_kg,40,27,-0.0437701937447367,-0.05815564193787309,0.05815564193787309,106.09622680536921,0.9948955897961613,0.9834106668375243,877691315.9059019
potentially_avoidable_deaths,copper_air_kg,40,27,-0.0027028418610927233,-0.05353361832000171,0.05353361832000171,106.09622680536921,0.9948955897961613,0.9834106668375243,877691315.9059019
potentially_avoidable_deaths,nickel_water_kg,40,27,0.07666807966434687,0.044756291350931454,0.044756291350931454,106.09622680536921,0.9948955897961613,0.9834106668375243,877691315.9059019
potentially_avoidable_deaths,lead_water_kg,40,27,-0.011070416452622087,-0.03251206672030123,0.03251206672030123,106.09622680536921,0.9948955897961613,0.9834106668375243,877691315.9059019
potentially_avoidable_deaths,lead_land_kg,40,27,-0.003379943404794293,-0.024742234602403303,0.024742234602403303,106.09622680536921,0.9948955897961613,0.9834106668375243,877691315.9059019
potentially_avoidable_deaths,chromium_land_kg,40,27,0.006900935583500411,0.022049365716811826,0.022049365716811826,106.09622680536921,0.9948955897961613,0.9834106668375243,877691315.9059019
potentially_avoidable_deaths,cadmium_water_kg,40,27,-0.06929835176102082,-0.015809987357977034,0.015809987357977034,106.09622680536921,0.9948955897961613,0.9834106668375243,877691315.9059019
potentially_avoidable_deaths,copper_land_kg,40,27,0.008626467325236302,0.013713555191346212,0.013713555191346212,106.09622680536921,0.9948955897961613,0.9834106668375243,877691315.9059019
premature_deaths,zinc_air_kg,40,27,-0.16589487706686093,-2.665948093178946,2.665948093178946,207.09605290379926,0.9951133056666681,0.9841182434166713,877691315.9059019
premature_deaths,nickel_air_kg,40,27,-0.10299143675050489,-2.110325570852583,2.110325570852583,207.09605290379926,0.9951133056666681,0.9841182434166713,877691315.9059019
premature_deaths,total_air_emission_kg,40,27,2.3610050425083826e-05,1.8032489748586877,1.8032489748586877,207.09605290379926,0.9951133056666681,0.9841182434166713,877691315.9059019
premature_deaths,pm10_air_kg,40,27,5.6451266210578963e-05,1.7849091754543709,1.7849091754543709,207.09605290379926,0.9951133056666681,0.9841182434166713,877691315.9059019
premature_deaths,pm25_air_kg,40,27,0.0012473999070089009,0.7832788068768536,0.7832788068768536,207.09605290379926,0.9951133056666681,0.9841182434166713,877691315.9059019
premature_deaths,total_water_emission_kg,40,27,0.00031509239730040953,0.6814546352386066,0.6814546352386066,207.09605290379926,0.9951133056666681,0.9841182434166713,877691315.9059019
premature_deaths,cadmium_land_kg,40,27,41.00789207883847,0.47683689371121196,0.47683689371121196,207.09605290379926,0.9951133056666681,0.9841182434166713,877691315.9059019
premature_deaths,chromium_air_kg,40,27,-0.02770248929265317,-0.46428515742935755,0.46428515742935755,207.09605290379926,0.9951133056666681,0.9841182434166713,877691315.9059019
premature_deaths,mercury_air_kg,40,27,-2.352543251106898,-0.35666348861928415,0.35666348861928415,207.09605290379926,0.9951133056666681,0.9841182434166713,877691315.9059019
premature_deaths,tvoc_air_kg,40,27,0.00014617591140134354,0.34899973183385496,0.34899973183385496,207.09605290379926,0.9951133056666681,0.9841182434166713,877691315.9059019
premature_deaths,mercury_water_kg,40,27,133.1399892057676,0.2749185130408235,0.2749185130408235,207.09605290379926,0.9951133056666681,0.9841182434166713,877691315.9059019
premature_deaths,copper_water_kg,40,27,-0.106590678168235,-0.24174885863507858,0.24174885863507858,207.09605290379926,0.9951133056666681,0.9841182434166713,877691315.9059019
premature_deaths,cadmium_air_kg,40,27,1.522776341896589,0.23093141181435634,0.23093141181435634,207.09605290379926,0.9951133056666681,0.9841182434166713,877691315.9059019
premature_deaths,total_land_emission_kg,40,27,-0.0015727919226021076,-0.20557599186455183,0.20557599186455183,207.09605290379926,0.9951133056666681,0.9841182434166713,877691315.9059019
premature_deaths,nickel_land_kg,40,27,-0.02152792670404869,-0.16040593900709996,0.16040593900709996,207.09605290379926,0.9951133056666681,0.9841182434166713,877691315.9059019
premature_deaths,zinc_water_kg,40,27,-0.031610393433589984,-0.15624712582375497,0.15624712582375497,207.09605290379926,0.9951133056666681,0.9841182434166713,877691315.9059019
premature_deaths,chromium_water_kg,40,27,-0.1574440501481496,-0.09976470302571383,0.09976470302571383,207.09605290379926,0.9951133056666681,0.9841182434166713,877691315.9059019
premature_deaths,lead_land_kg,40,27,-0.021271590890631856,-0.07426201685510869,0.07426201685510869,207.09605290379926,0.9951133056666681,0.9841182434166713,877691315.9059019
premature_deaths,lead_water_kg,40,27,-0.04279738990674082,-0.05994254502813982,0.05994254502813982,207.09605290379926,0.9951133056666681,0.9841182434166713,877691315.9059019
premature_deaths,chromium_land_kg,40,27,-0.037509753749391105,-0.057157025059537854,0.057157025059537854,207.09605290379926,0.9951133056666681,0.9841182434166713,877691315.9059019
premature_deaths,lead_air_kg,40,27,0.006481768475021116,0.0477158669188707,0.0477158669188707,207.09605290379926,0.9951133056666681,0.9841182434166713,877691315.9059019
premature_deaths,copper_air_kg,40,27,-0.0040588282041301455,-0.03833927597766604,0.03833927597766604,207.09605290379926,0.9951133056666681,0.9841182434166713,877691315.9059019
premature_deaths,zinc_land_kg,40,27,0.005734355759235317,0.038131653083431194,0.038131653083431194,207.09605290379926,0.9951133056666681,0.9841182434166713,877691315.9059019
premature_deaths,mercury_land_kg,40,27,26.980269010922367,0.0344589547019388,0.0344589547019388,207.09605290379926,0.9951133056666681,0.9841182434166713,877691315.9059019
premature_deaths,cadmium_water_kg,40,27,0.2574019613830177,0.028006429535003957,0.028006429535003957,207.09605290379926,0.9951133056666681,0.9841182434166713,877691315.9059019
premature_deaths,nickel_water_kg,40,27,0.07218870093013856,0.02009768381208027,0.02009768381208027,207.09605290379926,0.9951133056666681,0.9841182434166713,877691315.9059019
premature_deaths,copper_land_kg,40,27,-0.002334715567421497,-0.0017700614026895517,0.0017700614026895517,207.09605290379926,0.9951133056666681,0.9841182434166713,877691315.9059019
premature_deaths_asr_per_100000,total_air_emission_kg,40,27,-7.552635103012773e-07,-6.289400505409424,6.289400505409424,177.89959564472153,0.8932890780847091,0.6531895037753046,877691315.9059019
premature_deaths_asr_per_100000,zinc_air_kg,40,27,0.0032081556296685108,5.621162127040037,5.621162127040037,177.89959564472153,0.8932890780847091,0.6531895037753046,877691315.9059019
premature_deaths_asr_per_100000,tvoc_air_kg,40,27,1.1728835729505197e-05,3.0532063418384503,3.0532063418384503,177.89959564472153,0.8932890780847091,0.6531895037753046,877691315.9059019
premature_deaths_asr_per_100000,nickel_air_kg,40,27,-0.001247800653575595,-2.7876967100823737,2.7876967100823737,177.89959564472153,0.8932890780847091,0.6531895037753046,877691315.9059019
premature_deaths_asr_per_100000,chromium_air_kg,40,27,0.0010383730497762283,1.8974545471514699,1.8974545471514699,177.89959564472153,0.8932890780847091,0.6531895037753046,877691315.9059019
premature_deaths_asr_per_100000,cadmium_land_kg,40,27,0.9406643472068673,1.1925842163123055,1.1925842163123055,177.89959564472153,0.8932890780847091,0.6531895037753046,877691315.9059019
premature_deaths_asr_per_100000,lead_land_kg,40,27,-0.0029871026351230906,-1.1370220376607774,1.1370220376607774,177.89959564472153,0.8932890780847091,0.6531895037753046,877691315.9059019
premature_deaths_asr_per_100000,chromium_land_kg,40,27,0.005555976491350114,0.9230766640592736,0.9230766640592736,177.89959564472153,0.8932890780847091,0.6531895037753046,877691315.9059019
premature_deaths_asr_per_100000,copper_air_kg,40,27,-0.0008722129096074196,-0.8982923828973387,0.8982923828973387,177.89959564472153,0.8932890780847091,0.6531895037753046,877691315.9059019
premature_deaths_asr_per_100000,zinc_land_kg,40,27,0.00111116113988031,0.8056195818893576,0.8056195818893576,177.89959564472153,0.8932890780847091,0.6531895037753046,877691315.9059019
premature_deaths_asr_per_100000,lead_water_kg,40,27,-0.005179727308974713,-0.7910005044368476,0.7910005044368476,177.89959564472153,0.8932890780847091,0.6531895037753046,877691315.9059019
premature_deaths_asr_per_100000,nickel_water_kg,40,27,0.022543473082594523,0.6843047851536934,0.6843047851536934,177.89959564472153,0.8932890780847091,0.6531895037753046,877691315.9059019
premature_deaths_asr_per_100000,copper_land_kg,40,27,-0.006141137246639651,-0.5076391702369101,0.5076391702369101,177.89959564472153,0.8932890780847091,0.6531895037753046,877691315.9059019
premature_deaths_asr_per_100000,nickel_land_kg,40,27,-0.0006179682081706954,-0.5020377101129381,0.5020377101129381,177.89959564472153,0.8932890780847091,0.6531895037753046,877691315.9059019
premature_deaths_asr_per_100000,total_land_emission_kg,40,27,-3.4219995951642256e-05,-0.4876778685460223,0.4876778685460223,177.89959564472153,0.8932890780847091,0.6531895037753046,877691315.9059019
premature_deaths_asr_per_100000,chromium_water_kg,40,27,0.00604972397811753,0.4179633392472415,0.4179633392472415,177.89959564472153,0.8932890780847091,0.6531895037753046,877691315.9059019
premature_deaths_asr_per_100000,mercury_land_kg,40,27,-2.9391908856470073,-0.4092941948641554,0.4092941948641554,177.89959564472153,0.8932890780847091,0.6531895037753046,877691315.9059019
premature_deaths_asr_per_100000,total_water_emission_kg,40,27,1.7254998782371e-06,0.40687961099117853,0.40687961099117853,177.89959564472153,0.8932890780847091,0.6531895037753046,877691315.9059019
premature_deaths_asr_per_100000,mercury_air_kg,40,27,0.024467056944780668,0.4044405929957541,0.4044405929957541,177.89959564472153,0.8932890780847091,0.6531895037753046,877691315.9059019
premature_deaths_asr_per_100000,zinc_water_kg,40,27,0.0006864378551842976,0.3699434401118174,0.3699434401118174,177.89959564472153,0.8932890780847091,0.6531895037753046,877691315.9059019
premature_deaths_asr_per_100000,mercury_water_kg,40,27,-1.538565957365039,-0.3463885731949361,0.3463885731949361,177.89959564472153,0.8932890780847091,0.6531895037753046,877691315.9059019
premature_deaths_asr_per_100000,lead_air_kg,40,27,-0.00041431793934543145,-0.3325485140307268,0.3325485140307268,177.89959564472153,0.8932890780847091,0.6531895037753046,877691315.9059019
premature_deaths_asr_per_100000,cadmium_air_kg,40,27,-0.016229992564801028,-0.2683596271000408,0.2683596271000408,177.89959564472153,0.8932890780847091,0.6531895037753046,877691315.9059019
premature_deaths_asr_per_100000,pm10_air_kg,40,27,7.692196657771215e-08,0.26518245224309633,0.26518245224309633,177.89959564472153,0.8932890780847091,0.6531895037753046,877691315.9059019
premature_deaths_asr_per_100000,cadmium_water_kg,40,27,0.019150369090008956,0.22718257158704125,0.22718257158704125,177.89959564472153,0.8932890780847091,0.6531895037753046,877691315.9059019
premature_deaths_asr_per_100000,copper_water_kg,40,27,0.0006403329528539326,0.15834451647246206,0.15834451647246206,177.89959564472153,0.8932890780847091,0.6531895037753046,877691315.9059019
premature_deaths_asr_per_100000,pm25_air_kg,40,27,-1.2916918947477247e-08,-0.0008843446912494279,0.0008843446912494279,177.89959564472153,0.8932890780847091,0.6531895037753046,877691315.9059019
premature_deaths_percent,total_air_emission_kg,40,27,-1.9438160694985512e-07,-8.006565869351089,8.006565869351089,34.638959090689085,0.9170147478733843,0.7302979305884991,877691315.9059019
premature_deaths_percent,zinc_air_kg,40,27,0.0007455505372047107,6.461422434980951,6.461422434980951,34.638959090689085,0.9170147478733843,0.7302979305884991,877691315.9059019
premature_deaths_percent,tvoc_air_kg,40,27,1.9091474651513815e-06,2.4582219460333743,2.4582219460333743,34.638959090689085,0.9170147478733843,0.7302979305884991,877691315.9059019
premature_deaths_percent,mercury_air_kg,40,27,0.015722775735266033,1.2855311064349095,1.2855311064349095,34.638959090689085,0.9170147478733843,0.7302979305884991,877691315.9059019
premature_deaths_percent,chromium_land_kg,40,27,0.0014887531945590958,1.2234337112042692,1.2234337112042692,34.638959090689085,0.9170147478733843,0.7302979305884991,877691315.9059019
premature_deaths_percent,total_water_emission_kg,40,27,7.785379307687099e-07,0.908052870061484,0.908052870061484,34.638959090689085,0.9170147478733843,0.7302979305884991,877691315.9059019
premature_deaths_percent,lead_land_kg,40,27,-0.0004503917359507969,-0.8479876256365386,0.8479876256365386,34.638959090689085,0.9170147478733843,0.7302979305884991,877691315.9059019
premature_deaths_percent,mercury_water_kg,40,27,-0.7547018962396013,-0.8404332837848667,0.8404332837848667,34.638959090689085,0.9170147478733843,0.7302979305884991,877691315.9059019
premature_deaths_percent,nickel_water_kg,40,27,0.0054063585693125814,0.8117344215381672,0.8117344215381672,34.638959090689085,0.9170147478733843,0.7302979305884991,877691315.9059019
premature_deaths_percent,copper_air_kg,40,27,-0.0001484190594764494,-0.7560756407634749,0.7560756407634749,34.638959090689085,0.9170147478733843,0.7302979305884991,877691315.9059019
premature_deaths_percent,total_land_emission_kg,40,27,-1.0309586666341882e-05,-0.7267327157356462,0.7267327157356462,34.638959090689085,0.9170147478733843,0.7302979305884991,877691315.9059019
premature_deaths_percent,cadmium_land_kg,40,27,0.10763483045006869,0.6749748153568943,0.6749748153568943,34.638959090689085,0.9170147478733843,0.7302979305884991,877691315.9059019
premature_deaths_percent,pm10_air_kg,40,27,-3.8853007454833687e-08,-0.6625206347465266,0.6625206347465266,34.638959090689085,0.9170147478733843,0.7302979305884991,877691315.9059019
premature_deaths_percent,pm25_air_kg,40,27,1.927896962160955e-06,0.6528701628422153,0.6528701628422153,34.638959090689085,0.9170147478733843,0.7302979305884991,877691315.9059019
premature_deaths_percent,lead_water_kg,40,27,-0.0008226977704883874,-0.6214276150938147,0.6214276150938147,34.638959090689085,0.9170147478733843,0.7302979305884991,877691315.9059019
premature_deaths_percent,chromium_water_kg,40,27,0.0016116387755186368,0.5507451764684845,0.5507451764684845,34.638959090689085,0.9170147478733843,0.7302979305884991,877691315.9059019
premature_deaths_percent,cadmium_air_kg,40,27,-0.006565377233800593,-0.5369562577217566,0.5369562577217566,34.638959090689085,0.9170147478733843,0.7302979305884991,877691315.9059019
premature_deaths_percent,copper_land_kg,40,27,-0.001184240703274282,-0.48420210205444447,0.48420210205444447,34.638959090689085,0.9170147478733843,0.7302979305884991,877691315.9059019
premature_deaths_percent,chromium_air_kg,40,27,5.206053716777967e-05,0.4705513055934978,0.4705513055934978,34.638959090689085,0.9170147478733843,0.7302979305884991,877691315.9059019
premature_deaths_percent,zinc_water_kg,40,27,0.00015497113664214598,0.4131096003981948,0.4131096003981948,34.638959090689085,0.9170147478733843,0.7302979305884991,877691315.9059019
premature_deaths_percent,copper_water_kg,40,27,0.0002573454132740564,0.31477046277125764,0.31477046277125764,34.638959090689085,0.9170147478733843,0.7302979305884991,877691315.9059019
premature_deaths_percent,nickel_land_kg,40,27,-5.906884664050295e-05,-0.23736083566615424,0.23736083566615424,34.638959090689085,0.9170147478733843,0.7302979305884991,877691315.9059019
premature_deaths_percent,zinc_land_kg,40,27,-6.290505164422912e-05,-0.22558948710556892,0.22558948710556892,34.638959090689085,0.9170147478733843,0.7302979305884991,877691315.9059019
premature_deaths_percent,nickel_air_kg,40,27,-1.159278781211478e-05,-0.12810573277261583,0.12810573277261583,34.638959090689085,0.9170147478733843,0.7302979305884991,877691315.9059019
premature_deaths_percent,lead_air_kg,40,27,2.1214789818238075e-05,0.0842248742606887,0.0842248742606887,34.638959090689085,0.9170147478733843,0.7302979305884991,877691315.9059019
premature_deaths_percent,mercury_land_kg,40,27,-0.11699816421239802,-0.08058741116409196,0.08058741116409196,34.638959090689085,0.9170147478733843,0.7302979305884991,877691315.9059019
premature_deaths_percent,cadmium_water_kg,40,27,-0.0003645655004029347,-0.021392118464699794,0.021392118464699794,34.638959090689085,0.9170147478733843,0.7302979305884991,877691315.9059019
pyll_rate_per_1000,total_air_emission_kg,40,27,-1.7080589224039677e-07,-6.306858522904239,6.306858522904239,33.083258108595615,0.8896902543287449,0.6414933265684211,877691315.9059019
pyll_rate_per_1000,zinc_air_kg,40,27,0.0007583400135843581,5.89161212901421,5.89161212901421,33.083258108595615,0.8896902543287449,0.6414933265684211,877691315.9059019
pyll_rate_per_1000,tvoc_air_kg,40,27,2.7566422899158497e-06,3.181860670628605,3.181860670628605,33.083258108595615,0.8896902543287449,0.6414933265684211,877691315.9059019
pyll_rate_per_1000,nickel_air_kg,40,27,-0.0003011760406133194,-2.9834600406047525,2.9834600406047525,33.083258108595615,0.8896902543287449,0.6414933265684211,877691315.9059019
pyll_rate_per_1000,chromium_air_kg,40,27,0.0002851956693314558,2.3107895352790235,2.3107895352790235,33.083258108595615,0.8896902543287449,0.6414933265684211,877691315.9059019
pyll_rate_per_1000,cadmium_land_kg,40,27,0.21249399322576315,1.194539522581389,1.194539522581389,33.083258108595615,0.8896902543287449,0.6414933265684211,877691315.9059019
pyll_rate_per_1000,lead_land_kg,40,27,-0.0006656841663821877,-1.1235346133551187,1.1235346133551187,33.083258108595615,0.8896902543287449,0.6414933265684211,877691315.9059019
pyll_rate_per_1000,chromium_land_kg,40,27,0.001272132768050135,0.9371504195913444,0.9371504195913444,33.083258108595615,0.8896902543287449,0.6414933265684211,877691315.9059019
pyll_rate_per_1000,zinc_land_kg,40,27,0.00028197199777689805,0.906480451154488,0.906480451154488,33.083258108595615,0.8896902543287449,0.6414933265684211,877691315.9059019
pyll_rate_per_1000,copper_air_kg,40,27,-0.00019149227016723667,-0.8744720772636457,0.8744720772636457,33.083258108595615,0.8896902543287449,0.6414933265684211,877691315.9059019
pyll_rate_per_1000,lead_water_kg,40,27,-0.0011969329852346312,-0.810474194507504,0.810474194507504,33.083258108595615,0.8896902543287449,0.6414933265684211,877691315.9059019
pyll_rate_per_1000,nickel_water_kg,40,27,0.005425042541615068,0.7301824529495387,0.7301824529495387,33.083258108595615,0.8896902543287449,0.6414933265684211,877691315.9059019
pyll_rate_per_1000,nickel_land_kg,40,27,-0.0001454020154926819,-0.523769404079055,0.523769404079055,33.083258108595615,0.8896902543287449,0.6414933265684211,877691315.9059019
pyll_rate_per_1000,copper_land_kg,40,27,-0.0014263156557502558,-0.5227830081784696,0.5227830081784696,33.083258108595615,0.8896902543287449,0.6414933265684211,877691315.9059019
pyll_rate_per_1000,mercury_land_kg,40,27,-0.7533914009106473,-0.46518740082672283,0.46518740082672283,33.083258108595615,0.8896902543287449,0.6414933265684211,877691315.9059019
pyll_rate_per_1000,total_land_emission_kg,40,27,-7.263756880145345e-06,-0.45900126796648827,0.45900126796648827,33.083258108595615,0.8896902543287449,0.6414933265684211,877691315.9059019
pyll_rate_per_1000,mercury_air_kg,40,27,0.006254891820603761,0.45845034164744025,0.45845034164744025,33.083258108595615,0.8896902543287449,0.6414933265684211,877691315.9059019
pyll_rate_per_1000,chromium_water_kg,40,27,0.0012581641892373927,0.3854246102993424,0.3854246102993424,33.083258108595615,0.8896902543287449,0.6414933265684211,877691315.9059019
pyll_rate_per_1000,zinc_water_kg,40,27,0.00015548063721071239,0.3715437062763433,0.3715437062763433,33.083258108595615,0.8896902543287449,0.6414933265684211,877691315.9059019
pyll_rate_per_1000,mercury_water_kg,40,27,-0.36245509880160254,-0.3618271435023461,0.3618271435023461,33.083258108595615,0.8896902543287449,0.6414933265684211,877691315.9059019
pyll_rate_per_1000,lead_air_kg,40,27,-9.565718799128752e-05,-0.3404382704871892,0.3404382704871892,33.083258108595615,0.8896902543287449,0.6414933265684211,877691315.9059019
pyll_rate_per_1000,cadmium_air_kg,40,27,-0.0035981235165636616,-0.2637997737232465,0.2637997737232465,33.083258108595615,0.8896902543287449,0.6414933265684211,877691315.9059019
pyll_rate_per_1000,total_water_emission_kg,40,27,2.4205528380291717e-07,0.2530842121730784,0.2530842121730784,33.083258108595615,0.8896902543287449,0.6414933265684211,877691315.9059019
pyll_rate_per_1000,cadmium_water_kg,40,27,0.00447845366361141,0.23557296046510506,0.23557296046510506,33.083258108595615,0.8896902543287449,0.6414933265684211,877691315.9059019
pyll_rate_per_1000,pm25_air_kg,40,27,-6.299434971256678e-07,-0.1912333913819766,0.1912333913819766,33.083258108595615,0.8896902543287449,0.6414933265684211,877691315.9059019
pyll_rate_per_1000,copper_water_kg,40,27,0.00016420306446687387,0.18004369866696823,0.18004369866696823,33.083258108595615,0.8896902543287449,0.6414933265684211,877691315.9059019
pyll_rate_per_1000,pm10_air_kg,40,27,-3.945791959397156e-09,-0.0603153814913745,0.0603153814913745,33.083258108595615,0.8896902543287449,0.6414933265684211,877691315.9059019
